-- phpMyAdmin SQL Dump
-- version 5.1.1
-- https://www.phpmyadmin.net/
--
-- Máy chủ: 127.0.0.1
-- Thời gian đã tạo: Th12 05, 2021 lúc 12:15 PM
-- Phiên bản máy phục vụ: 10.4.21-MariaDB
-- Phiên bản PHP: 8.0.11

SET SQL_MODE = "NO_AUTO_VALUE_ON_ZERO";
START TRANSACTION;
SET time_zone = "+00:00";


/*!40101 SET @OLD_CHARACTER_SET_CLIENT=@@CHARACTER_SET_CLIENT */;
/*!40101 SET @OLD_CHARACTER_SET_RESULTS=@@CHARACTER_SET_RESULTS */;
/*!40101 SET @OLD_COLLATION_CONNECTION=@@COLLATION_CONNECTION */;
/*!40101 SET NAMES utf8mb4 */;

--
-- Cơ sở dữ liệu: `dulieutiemsach`
--

-- --------------------------------------------------------

--
-- Cấu trúc bảng cho bảng `bill`
--

CREATE TABLE `bill` (
  `idBill` int(11) NOT NULL,
  `idCart` int(11) DEFAULT NULL,
  `idUser` int(11) NOT NULL,
  `status` tinyint(1) NOT NULL DEFAULT 0,
  `discount` int(11) DEFAULT 0,
  `ship` double DEFAULT 35000,
  `totalProduct` double NOT NULL DEFAULT 0,
  `total` double DEFAULT 0,
  `date` timestamp NULL DEFAULT current_timestamp()
) ENGINE=InnoDB DEFAULT CHARSET=latin1;

--
-- Đang đổ dữ liệu cho bảng `bill`
--

INSERT INTO `bill` (`idBill`, `idCart`, `idUser`, `status`, `discount`, `ship`, `totalProduct`, `total`, `date`) VALUES
(22, 22, 1, 1, 0, 35000, 265000, 265000, '2021-12-05 10:52:11'),
(23, 23, 1, 1, 0, 35000, 400000, 400000, '2021-12-05 10:52:11'),
(24, 24, 1, 1, 0, 35000, 195000, 195000, '2021-12-05 10:52:11'),
(25, 25, 1, 1, 0, 35000, 100000, 135000, '2021-12-05 10:52:11'),
(26, 26, 1, 1, 0, 35000, 292000, 327000, '2021-12-05 10:52:11'),
(27, 27, 1, 0, 0, 35000, 65000, 65000, '2021-12-05 10:52:11'),
(28, 28, 28, 1, 0, 35000, 486000, 521000, '2021-12-05 10:52:11'),
(29, 29, 28, 1, 0, 35000, 66000, 101000, '2021-12-05 11:03:22'),
(30, 30, 28, 1, 0, 35000, 240000, 275000, '2021-12-05 11:07:47');

-- --------------------------------------------------------

--
-- Cấu trúc bảng cho bảng `cart`
--

CREATE TABLE `cart` (
  `idCart` int(11) NOT NULL,
  `idProduct` int(11) NOT NULL,
  `quantity` int(11) NOT NULL,
  `price` int(11) NOT NULL
) ENGINE=InnoDB DEFAULT CHARSET=latin1;

--
-- Đang đổ dữ liệu cho bảng `cart`
--

INSERT INTO `cart` (`idCart`, `idProduct`, `quantity`, `price`) VALUES
(22, 1, 1, 65000),
(22, 2, 2, 200000),
(23, 2, 4, 400000),
(24, 1, 3, 195000),
(25, 2, 1, 100000),
(26, 2, 1, 100000),
(26, 13, 2, 192000),
(27, 1, 1, 65000),
(28, 1, 1, 66000),
(29, 1, 1, 66000),
(30, 2, 1, 100000),
(30, 3, 1, 140000);

-- --------------------------------------------------------

--
-- Cấu trúc bảng cho bảng `catalog`
--

CREATE TABLE `catalog` (
  `idCat` int(11) NOT NULL,
  `nameCat` varchar(50) NOT NULL
) ENGINE=InnoDB DEFAULT CHARSET=utf8mb4;

--
-- Đang đổ dữ liệu cho bảng `catalog`
--

INSERT INTO `catalog` (`idCat`, `nameCat`) VALUES
(1, 'Ngôn tình, tình cảm'),
(2, 'Kinh dị'),
(3, 'Trinh thám'),
(4, 'Khoa học viễn tưởng'),
(5, 'Cổ tích, thiếu nhi'),
(6, 'Giáo khoa, kiến thức'),
(7, 'Tiểu sử, tự truyện'),
(8, 'Bí ẩn'),
(9, 'Hành động, phiêu lưu'),
(10, 'Tâm lý'),
(11, 'Lịch sử');

-- --------------------------------------------------------

--
-- Cấu trúc bảng cho bảng `comment`
--

CREATE TABLE `comment` (
  `idComment` int(11) NOT NULL,
  `content` varchar(255) NOT NULL,
  `ten` varchar(50) NOT NULL,
  `email` varchar(50) NOT NULL,
  `date` datetime NOT NULL,
  `rating` int(11) NOT NULL,
  `idProduct` int(11) NOT NULL
) ENGINE=InnoDB DEFAULT CHARSET=utf8mb4;

--
-- Đang đổ dữ liệu cho bảng `comment`
--

INSERT INTO `comment` (`idComment`, `content`, `ten`, `email`, `date`, `rating`, `idProduct`) VALUES
(1, 'Sách hay quá', 'Miserchu', 'khoicari69@gmail.com', '2021-11-15 10:20:50', 5, 1),
(4, 'Sách tàm tạm', 'Quy Vu Dinh', 'khoicari69@gmail.com', '2021-11-15 17:04:51', 3, 1),
(7, 'Cũng hơi hay', 'Khôi', 'khoicari69@gmail.com', '2021-11-19 15:46:28', 3, 17);

-- --------------------------------------------------------

--
-- Cấu trúc bảng cho bảng `product`
--

CREATE TABLE `product` (
  `idProduct` int(11) NOT NULL,
  `nameProduct` varchar(50) NOT NULL,
  `authorProduct` varchar(50) NOT NULL,
  `amountProduct` int(11) NOT NULL,
  `imgProduct` varchar(250) NOT NULL,
  `priceProduct` double NOT NULL,
  `desProduct` varchar(4000) NOT NULL,
  `idCat` int(11) NOT NULL,
  `showHide` tinyint(4) NOT NULL
) ENGINE=InnoDB DEFAULT CHARSET=utf8mb4;

--
-- Đang đổ dữ liệu cho bảng `product`
--

INSERT INTO `product` (`idProduct`, `nameProduct`, `authorProduct`, `amountProduct`, `imgProduct`, `priceProduct`, `desProduct`, `idCat`, `showHide`) VALUES
(1, 'Thất Tịch Không Mưa', 'Lâu Vũ Tinh', 10, 'img/that-tich-khong-mua.jpg', 66000, 'Từ nhỏ cô đã thầm yêu anh, như số kiếp không thể thay đổi Tình yêu trong sáng ấy, như lần đầu được nếm mùi vị của quả khế mới chín. Sau đó cô và anh xa nhau, gặp lại đều cách nhau ba năm.\r\n\r\nTình yêu, giống như lần đầu được nếm thử quả khế mới chín.\r\n\r\nChua chua, chát chát, nhưng không kìm được, vẫn muốn nếm thêm lần nữa.\r\n\r\nTrong quả khế chát xanh xanh, nụ cười ngốc nghếch, ngọt ngào của anh, tình đầu thơ ngây, trong sáng của em lặng lẽ nảy mầm.                                                 \r\n                                                    \r\n                                                    \r\n                                                    \r\n                                                    \r\n                                                    \r\n                                                    \r\n                                                    \r\n                                                    \r\n                                                    \r\n                                                    ', 1, 1),
(2, 'Call Me By Your Name', 'André Aciman', 10, 'img/call-me-by-your-name.jpg', 100000, 'Gọi em bằng tên anh là câu chuyện tình yêu bất ngờ và mạnh mẽ nảy nở giữa thiếu niên 17 tuổi tên Elio với Oliver, một học giả Mỹ là khách trọ mùa hè ở căn biệt thự của ba mẹ Elio tại vùng duyên hải Riviera nước Ý thập niên 1980. Trong những tuần mùa hè sôi động ấy, dòng chảy cuồn cuộn ám ảnh và đam mê bị kìm nén càng làm mãnh liệt thêm tình yêu giữa hai chàng trai trẻ. Cuốn tiểu thuyết đầu tay của André Aciman là một khúc bi ca chân thành và cảm động dành cho tình yêu con người. Một cuốn sách không thể nào quên.\r\n                                                    \r\n                                                    \r\n                                                    \r\n                                                    ', 1, 1),
(3, 'Tam Sinh Tam Thế - Thập Lý Đào Hoa', 'Đường Thất Công Tử', 10, 'img/tam-sinh-tam-the.jpg', 140000, 'Một người thà say mèm trong rừng đào mười dặm để quên hết quá khứ, một người nặng tình ba đời ba kiếp mòn mỏi đợi chờ.\r\n\r\nBóng hình bắt gặp đó, như đúng như sai. Những chuyện cũ đã quên đó, như hư như thực.\r\n\r\nMười dặm hoa đào chiếu rạng đôi mắt bi thương, nhưng chẳng thể nào quên đi được giây phút trông thấy gương mặt nàng trong quá khứ.\r\n\r\nQuá khứ, hiện tại, tương lai - ba kiếp nhân duyên của Dạ Hoa và Bạch Thiển, giữa mười dặm hoa đào mênh mông thắm sắc, từ nay chỉ còn hạnh phúc ngập tràn.\"\r\n                                                    ', 1, 1),
(4, 'Romeo và Juliet', 'Willliam Shakespeare', 10, 'img/romeo-and-juliet.jpg', 120000, 'his major new edition of Shakespeare\'s greatest tragedy of love argues that that play is ultimately Juliet\'s. The play text is expertly edited and the on-page commentary notes discuss issues of staging, theme, meaning and Shakespeare\'s use of his sources to give the reader deep and engaging insights into the play. The richly illustrated introduction looks at the play\'s exceptionally beautiful and complex language and focuses on the figure of Juliet as being at its centre. Rene Weis discusses the play\'s critical, stage and film history, including West Side Story and Baz Luhrmann\'s seminal film Romeo + Juliet. This is an authoritative edition from a leading scholar, giving the reader a penetrating and wide-ranging insight into this ever popular play.', 1, 1),
(5, 'Cuốn Theo Chiều Gió', 'Margaret Mitchell', 10, 'img/cuon-theo-chieu-gio.jpg', 141000, 'Cuốn theo chiều gió là cuốn tiểu thuyết duy nhất của nữ tác giả Margaret Mitchell, ngay từ khi mới ra đời, năm 1936, tác phẩm văn học này đã mau chóng chiếm được tình cảm của người dân Mỹ cũng như chinh phục trái tim của hàng triệu độc giả trên khắp thế giới.\r\n\r\nLấy bối cảnh từ cuộc nội chiến vô cùng khốc liệt giữa Bắc và Nam Mỹ, Cuốn Theo Chiều Gió với cốt truyện rõ ràng, logic, dễ hiểu, đã khắc họa một cách tài tình tâm trạng, tính cách và thân phận của nhiều lớp người trong chiến tranh và thời hậu chiến.\r\n\r\nNhân vật chính của tiểu thuyết là cô gái Scarlett O\'hara cùng với Rhett Butler trở thành cặp nhân vật điển hình, thuộc loại thành công nhất trong văn học Hoa Kỳ. Cuốn Theo Chiều Gió có sức hấp dẫn mãnh liệt giới trẻ Mỹ cũng như thanh niên toàn thế giới vì đây là cuốn tiểu thuyết tình yêu đặc sắc. Lạ kỳ thay, trong chiến tranh và những năm hậu chiến vô cùng gian khổ, tình yêu lại luôn luôn chói ngời, trở thành động lực giúp cho con người vượt qua chết chóc, đói khổ và sự hèn hạ. Không chỉ có tình yêu trai gái, Cuốn Theo Chiều Gió còn là bài ca của tình yêu quê hương đất nước, tình tương thân tương ái.\r\n\r\nBa năm sau khi tiểu thuyết Cuốn Theo Chiều Gió ra đời, bộ phim cùng tên dựng theo tác phẩm của Margaret Mitchell được công chiếu đã trở thành sự kiện lớn, thành niềm tự hào của điện ảnh Mỹ.', 1, 1),
(6, 'Yêu Em Từ Cái Nhìn Đầu Tiên', 'Cố Mạn', 10, 'img/yeu-em-tu-cai-nhin-dau-tien.jpg', 101000, 'Nhắc đến Yêu em từ cái nhìn đầu tiên có lẽ không cần dùng quá nhiều lời, bởi cùng với Sam Sam đến đây ăn nào, Bên nhau trọn đời, Yêu em từ cái nhìn đầu tiên đã làm nên tên tuổi của Cố Mạn tại Việt Nam.\r\n\r\nĐi cùng?\r\n\r\nHai chữ này kéo Vy Vy trở về hiện tại, lập tức hoàn hồn.Nhìn chiếc xe, lại nhìn Đại Thần, người đẹp Vy Vy lắp bắp:\r\n\r\n“Em… em…”\r\n\r\nTiêu Nại hơi cau mày. Vy Vy trấn tĩnh nói:\r\n\r\n“… Anh đèo em?”.\r\n\r\n“Ừ, đường xa thế chẳng lẽ đi bộ?”.\r\n\r\nĐường đến nhà thi đấu bóng rổ xa thế, đi bộ đương nhiên rất đáng sợ, nhưng… nhưng  đáng sợ hơn chính là anh đèo em! Vy Vy băn khoăn. Với danh tiếng nổi như cồn của Tiêu Nại, cộng thêm chút nổi tiếng nho nhỏ của Vy Vy, đèo nhau trên con đường này, chắc chắn sẽ có ngay những lời đồn hay ho cho coi! Tuy rằng họ hình như, hình như, có vẻ như đúng là đang tiến tới những nghi ngờ hay ho đó, nhưng hiện nay, bây giờ, lúc này họ tuyệt đối trắng tinh hơn cả lông cừu.\r\n\r\n“Như thế này... như thế này... không ổn lắm. Người khác nhìn thấy sẽ hiểu nhầm”.\r\n\r\nVy Vy cố từ chối khéo, hai tai bắt đầu đỏ dần.\r\n\r\n“Hiểu nhầm?”.\r\n\r\nChẳng lẽ anh không hiểu? Vy Vy đành nói thẳng:\r\n\r\n“Hiểu nhầm chúng ta… ôi, là kiểu quan hệ đó…”.\r\n\r\nTiêu Nại lặng lẽ nhìn cô, hồi lâu không nói, Vy Vy cảm thấy một nỗi căng thẳng khó hiểu… mình không nói gì sai chứ? Đúng khi Vy Vy cảm thấy mỗi lúc càng căng thẳng hơn, cuối cùng Nại Hà phá vỡ bầu không khí yên lặng:\r\n\r\n“Thế chúng ta không phải là kiểu quan hệ đó từ khi nào vậy?”.\r\n\r\nYêu em từ cái nhìn đầu tiên từ khi phát hành cho đến nay đã nhận được vô vàn lời khen tặng của độc giả:\r\n\r\n\"Văn chương của Cố Mạn lãng mạn, dịu dàng, khiến người đọc có cảm giác như đang trôi bồng bềnh trong mơ, vừa đọc vừa vén môi cười dịu dàng… Giồng như khi đối diện với mặt nước hồ phẳng lặng, Cố Mạn sẽ rải lên đó một vài cánh hoa hồng…\"\r\n\r\n(Độc giả Bluehopeatm)\r\n\r\n\"Thế giới của Yêu em từ cái nhìn đầu tiên là thế giới màu hồng dịu ngọt… Tuy không thực tế nhưng vẫn khiến ta phải mỉm cười, phải yêu mến.Độc giả Linh_SuriYêu em từ cái nhìn đầu tiên là một câu chuyện nhẹ nhàng ấm áp, một câu chuyện tình đẹp đến nỗi ta không dám tin nó có thực.\"\r\n\r\n(Độc giả Khiconkhocnhe_1992)', 1, 1),
(7, 'Ring - Vòng Tròn Ác Nghiệt', 'Suzuki Koji', 10, 'img/ring.jpg', 68000, 'Cái chết đến từ một cuộn băng. Hai đôi nam nữ vị thành niên lần lượt chết bởi cơn đau bóp nghẹt trái tim một tuần sau khi xem phải cuộn băng lạ trong một nhà nghỉ ngoại ô Tokyo, bên trên một cái giếng cũ\r\n\r\nMê mẩn khám phá ra bí ẩn đằng sau những cái chết kinh hoàng đó, Asakawa, một phóng viên đang háo hức vì danh vọng lao vào cuộc truy tìm dấu vết. Đến mức gã tự mình xem phải cuộn băng, và đối mặt với lời đe dọa hãi hùng kẻ nào đó đã đặt trong những hình ảnh cuộn băng ghi lại. Bảy ngày còn lại, vòng quay của Ring bắt đầu, sự khiếp hãi của kẻ đã thấy ngọn núi lửa phun trào, những cái mặt ma quái, và cuối cùng, cái giếng cũ tiêu điều giữa khu rừng vắ bắt đầu ngấm vào trong tim. Sự thật là đâu? Đâu là lời nguyền, đâu là lời giải?\r\n\r\nHãy thưởng thức Ring, vòng tròn ác nghiệt của Koji Suzuki, tác phẩm kinh dị kinh điển đã làm mưa làm gió bằng những thành công khổng lồ ở đất nước Phù Tang trong hàng thập kỷ, trước khi bước lên màn ảnh với hai bộ phim nổi tiếng Ringu của Nhật Bản và The ring của Holywood. Xuất khẩu nỗi sợ đặc trưng Nhật Bản ra toàn thế giới, Ring thỏa mãn những ai đang tìm kiếm khoái cảm trong nỗi rùng mình, cùng những triết lý cao sang và sâu sắc của một trong những kiệt tác của thể loại.', 2, 1),
(8, 'IT', 'Stephen King', 10, 'img/it.jpg', 340000, 'NOW A MAJOR MOTION PICTURE - Stephen King\'s terrifying classic.\r\n\r\n\'They when you\'re down here with me, you\'ll float, too.\'\r\n\r\nDerry, Maine is just an ordinary town: familiar, well-ordered for the most part, a good place to live.\r\n\r\nIt is a group of children who see - and feel - what makes Derry so horribly different. In the storm drains, in the sewers, IT lurks, taking on the shape of every nightmare, each one\'s deepest dread. Sometimes is appears as an evil clown named Pennywise and sometimes IT reaches up, seizing, tearing, killing . . .\r\n\r\nTime passes and the children grow up, move away and forget. Until they are called back, once more to confront IT as IT stirs and coils in the sullen depths of their memories, emerging again to make their past nightmares a terrible present reality.', 2, 1),
(9, 'Sự Im Lặng Của Bầy Cừu', 'Thomas Harris', 10, 'img/su-im-lang-cua-bay-cuu.jpg', 86000, 'Những cuộc phỏng vấn ở xà lim với kẻ ăn thịt người ham thích trò đùa trí tuệ, những tiết lộ nửa chừng hắn chỉ dành cho kẻ nào thông minh, những cái nhìn xuyên thấu thân phận và suy tư của cô mà đôi khi cô muốn lảng trá Clarice Starling đã dấn thân vào cuộc điều tra án giết người lột da hàng loạt như thế, để rồi trong tiếng bức bối của chiếc đồng hồ đếm ngược về cái chết, cô phải vật lộn để chấm dứt tiếng kêu bao lâu nay vẫn đeo đẳng giấc mơ mình: tiếng kêu của bầy cừu sắp bị đem đi giết thịt.\r\n\r\nSự im lặng của bầy cừu hội tụ đầy đủ những yếu tố làm nên một cuốn tiểu thuyết trinh thám kinh dị xuất sắc nhất: không một dấu vết lúng túng trong những chi tiết thuộc lĩnh vực chuyên môn, với các tình tiết giật gân, cái chết luôn lơ lửng, với cuộc so găng của những bộ óc lớn mà không có chỗ cho kẻ ngu ngốc để cuộc chơi trí tuệ trở nên dễ dàng. Bồi đắp vào cốt truyện lôi cuốn đó là cơ hội được trải nghiệm trong trí não của cả kẻ gây tội lẫn kẻ thi hành công lý, khi mỗi bên phải vật vã trong ngục tù của đau đớn để tìm kiếm, khẩn thiết và liên tục, một sự lắng dịu cho tâm hồn.', 2, 1),
(10, 'Bá Tước Dracula', 'Bram Stocker', 10, 'img/ba-tuoc-dracula.jpg', 84000, 'Bá Tước Dracula là một cuốn tiểu thuyết kinh dị gothic năm 1897 của tác giả người Ireland Bram Stoker , nổi tiếng với nhân vật ma cà rồng bá tước Dracula .\r\n\r\nCuốn tiểu thuyết kể về hành trình từ Transylva-nia đến Anh để săn lùng những con mồi mới và gieo rắc lời nguyền của Dracula và cuộc chiến giữa hắn và nhóm giáo sư Abraham Van Helsing .\r\n\r\nCuốn tiểu thuyết đề cao vai trò của phụ nữ trong văn hoá Victoria, chủ nghĩa thực dân và chủ nghĩa hậu thực dân . Mặc dù không sáng tạo ra ma cà rồng , nhưng tác phẩm của Stoker đã định ra hình thức hiện đại của nó và tạo ra nhiều diễn giải được áp dụng trong sân khấu , phim ảnh và truyền hình sau này .', 2, 1),
(11, 'Hannibal', 'Thomas Harris', 10, 'img/hannibal.jpg', 86000, 'Được xem là một trong những sự kiện văn chương được chờ đợi nhất, Hannibal mang người đọc vào cung điện ký ức của một kẻ ăn thịt người, tạo dựng nên một bức chân dung ớn lạnh của tội ác đang âm thầm sinh sôi - một thành công của thể loại kinh dị tâm lý.\r\n\r\nVới Mason Verger, nạn nhân đã bị Hannibal biến thành kẻ người không ra người, Hannibal là mối hận thù nhức nhối da thịt.\r\n\r\nVới đặc vụ Clarice Starling của FBI, người từng thẩm vấn Hannibal trong trại tâm thần, giọng kim ken két của hắn vẫn vang vọng trong giấc mơ cô.\r\n\r\nVới cảnh sát Rinaldo Pazzi đang thất thế, Lecter hứa hẹn mang tới một khoản tiền béo bở để đổi vận.\r\n\r\nVà những cuộc săn lùng Hannibal Lecter bắt đầu, kéo theo đó là những chuỗi ngày run rẩy hòng chấm dứt bảy năm tự do của hắn. Nhưng trong ba kẻ đi săn, chỉ một kẻ có bản lĩnh sống trụ lại để hưởng thành quả của mình.', 2, 1),
(12, 'Frankenstein', 'Mary Shelly', 10, 'img/frankenstein.jpg', 37000, 'The story of Victor Frankenstein and the monstrous creature he created has held readers spellbound ever since it was published almost two centuries ago. On the surface, it is a novel of tense and steadily mounting horror; but on a more profound level, it offers searching illumination of the human condition in its portrayal of a scientist who oversteps the bounds of conscience, and of a monster brought to life in an alien world, ever more desperately attempting to escape the torture of his solitude. A novel of hallucinatory intensity, \"Frankenstein\" represents one of the most striking flowerings of the Romantic imagination. With a New Introduction by Douglas Clegg And an Afterword by Harold Bloom\"', 2, 1),
(13, 'Phía Sau Nghi Can X', 'Higashino Keigo', 10, 'img/phia-sau-nghi-can-x.jpg', 96000, '“Việc nghĩ ra một bài toán vô cùng khó và việc giải bài toán đó, việc nào khó hơn?”\r\nKhi nhấn chuông cửa nhà nghi can chính của một vụ án mới, điều tra viên Kusanagi không biết rằng anh sắp phải đương đầu với một thiên tài ẩn dật. Kusanagi càng không thể ngờ rằng, chỉ một câu nói vô thưởng vô phạt của anh đã kéo người bạn thân, Manabu Yukawa, một phó giáo sư vật lý tài năng, vào vụ án. Và điều làm sững sờ nhất, đó là vụ án kia chẳng qua cũng chỉ như một bài toán cấp ba đơn giản, tuy nhiên ấn số X khi được phơi bày ra lại không đem đến hạnh phúc cho bất cứ ai…\r\nVới một giọng văn tỉnh táo và dung dị, Higashino Keigo đã đem đến cho độc giả hơn cả một cuốn tiểu thuyết trinh thám. Mô tả tội ác không phải điều hấp dẫn nhất ở đây, mà còn là những giằng xé nội tâm thầm kín, những nhân vật bình dị, và sự quan tâm sâu sa tới con người. Tác phẩm đã đem lại cho Higashino Keigo Giải Naoki lần thứ 134, một giải thưởng văn học lâu đời sánh ngang giải Akutagawa tại Nhật.\r\n                                                    ', 3, 1),
(14, 'Sherlock Holmes Toàn Tập', 'Conan Doyle', 10, 'img/sherlock-holmes.jpg', 180000, 'Đối với các độc giả yêu thích dòng văn trinh thám nói riêng cũng như những người yêu sách trên toàn thế giới nói chung thì không phải nói nhiều về sức hút của hai cái tên: nhà văn Conan Doyle và “đứa con tinh thần” của cả cuộc đời ông - Sherlock Holmes.\r\n\r\nNhân vật Sherlock Holmes từ lâu đã trở thành nguồn cảm hứng cho hàng trăm, hàng ngàn tác phẩm ở nhiều loại hình nghệ thuật khác: từ âm nhạc, ca kịch đến điện ảnh… Bộ sách Sherlock Holmes Toàn Tập (Hộp 3 Tập) một lần nữa mang đến cho người đọc cơ hội được nhìn ngắm, ngưỡng mộ và đánh giá nhân vật độc đáo của nhà văn tài năng Conan Doyle. Chân dung cuộc đời, sự nghiệp và nhân cách của Sherlock Holmes chưa bao giờ được tái hiện chân thực, đầy đủ và sống động đến thế...\r\n\r\nThông tin nội dung:\r\n\r\nSherlock Holmes là một thám tử tư ở Luân Đôn nổi tiếng nhờ trí thông minh, khả năng suy diễn logic và quan sát tinh tường trong khi phá những vụ án mà cảnh sát phải bó tay.\r\n\r\nSherlock Holmes đã xuất hiện trong 4 tiểu thuyết và 56 truyện ngắn của nhà văn Conan Doyle. Hầu như tất cả các tác phẩm đều được viết dưới dạng ghi chép của bác sĩ John H.Watson, người bạn thân thiết và người ghi chép tiểu sử của Holmes, chỉ có 2 tác phẩm được viết dưới dạng ghi chép của Holmes và 2 tác phẩm khác dưới dạng ghi chép của người thứ ba....\r\n\r\nNhiều người cho rằng Sherlock Homes là nhân vật thám tử hư cấu nổi tiếng nhất trong lịch sử văn học và là một trong những nhân vật văn học được biết đến nhiều nhất trên toàn thế giới.\r\n\r\nĐến với bộ sách Sherlock Holmes toàn tập, quý độc giả sẽ hiểu vì sao tác phẩm này lại được bạn đọc khắp thế giới yêu thích đến như thế.\r\n\r\nTrọn bộ gồm 3 tập:\r\n\r\nSherlock Holmes Toàn Tập - Tập 1\r\n\r\nSherlock Holmes Toàn Tập - Tập 2\r\n\r\nSherlock Holmes Toàn Tập - Tập 3', 3, 1),
(15, 'Mật Mã Da Vinci', 'Dan Brown', 10, 'img/mat-ma-davinci.jpg', 180000, 'Harvard professor Robert Langdon receives an urgent late-night phone call while on business in Paris: the elderly curator of the Louvre has been brutally murdered inside the museum. Alongside the body, police have found a series of baffling codes.\r\n\r\nAs Langdon and a gifted French cryptologist, Sophie Neveu, begin to sort through the bizarre riddles, they are stunned to find a trail that leads to the works of Leonardo Da Vinci - and suggests the answer to a mystery that stretches deep into the vault of history.\r\n\r\nUnless Langdon and Neveu can decipher the labyrinthine code and quickly assemble the pieces of the puzzle, a stunning historical truth will be lost forever...', 3, 1),
(16, 'Án Mạng Trên Chuyến Tàu Tốc Hành Phương Đông', 'Agatha Christie', 10, 'img/an-mang-tren-chuyen-tau-toc-hanh-phuong-dong.jpg', 100000, '“Kẻ sát nhân đang đồng hành cùng chúng ta – trên chuyến tàu này…”\r\n\r\nVừa quá nửa đêm, chuyến tàu tốc hành phương Đông nổi tiếng buộc phải ngừng lại vì tuyết rơi quá dày. Vào buổi sáng, tay triệu phú Simon Ratchett được phát hiện nằm chết trong toa riêng của mình với mười hai nhát dao, cửa khoang được khóa từ bên trong. Một trong những hành khách có mặt trên chuyến tàu là thủ phạm.\r\n\r\nMột mình giữa cơn bão tuyết cùng nhân dạng mù mờ về tên sát nhân qua lời chứng của mọi người, thám tử Hercule Poirot phải tìm ra chân tướng kẻ thủ ác giữa mười hai kẻ thù của nạn nhân, trước khi tên giết người kịp đào thoát…', 3, 1),
(17, 'Bạch Dạ Hành', 'Higashino Keigo', 10, 'img/bach-da-hanh.jpg', 167000, 'Kosuke, chủ một tiệm cầm đồ bị sát hại tại một ngôi nhà chưa hoàn công, một triệu yên mang theo người cũng bị cướp mất.\r\n\r\nSau đó một tháng, nghi can Fumiyo được cho rằng có quan hệ tình ái với nạn nhân và đã sát hại ông để cướp một triệu yên, cũng chết tại nhà riêng vì ngộ độc khí ga. Vụ án mạng ông chủ tiệm cầm đồ rơi vào bế tắc và bị bỏ xó.\r\n\r\nNhưng với hai đứa trẻ mười một tuổi, con trai nạn nhân và con gái nghi can, vụ án mạng năm ấy chưa bao giờ kết thúc. Sinh tồn và trưởng thành dưới bóng đen cái chết của bố mẹ, cho đến cuối đời, Ryoji vẫn luôn khao khát được một lần đi dưới ánh mặt trời, còn Yukiho cứ ra sức vẫy vùng rồi mãi mãi chìm vào đêm trắng.', 3, 1),
(18, 'Vụ Ám Sát Ông Roger Ackroyd', 'Agatha Christie', 10, 'img/vu-am-sat-ong-roger-ackroyd.jpg', 100000, 'Ở làng King’s Abbot, vụ tự sát của bà góa Ferrars làm dấy lên đồn đoán rằng bà đã giết chồng, bị tống tiền và có quan hệ mờ ám với ông Roger Ackroyd, một người giàu có trong làng. Tối hôm sau, ông Ackroyd bị giết trong phòng làm việc trước khi phát hiện được ai là kẻ tống tiền người đàn bà góa. Thám tử lừng danh Hercule Poirot ra tay phá án, với sự trợ giúp của bác sĩ James Sheppard.\r\n\r\nXuất bản lần đầu năm 1926, Vụ ám sát ông Roger Ackroyd nhanh chóng trở thành hiện tượng xuất bản và sau này được coi là tác phẩm kinh điển của dòng văn học trinh thám phổ thông, mở ra một kỷ nguyên mới cho văn chương thể loại này.', 3, 1),
(19, 'Tam Thể', 'Lưu Từ Hân', 10, 'img/tam-the.jpg', 120000, 'Uông Diểu, vị giáo sư về vật liệu nano ngày nào cũng đăng nhập vào “Tam Thể”. Tại trò chơi online đó, anh đắm chìm trong một thế giới khác, nơi một nền văn minh có thể chỉ kéo dài vài ngày, bầu trời có thể xuất hiện ba mặt trời cùng lúc và con người còn phải biến thành xác khô để sinh tồn.\r\n\r\nNhưng anh không thể ngờ, thế giới khắc nghiệt trong Tam Thể là có thực, chỉ cách trái đất chừng bốn năm ánh sáng, và trò chơi ảo kia lại là một cánh cửa để những sinh vật của thế giới ấy bước đến xâm chiếm địa cầu này. Kinh hoàng, Uông Diểu tìm mọi cách ngăn chặn điều đó. Nhưng anh, cũng như cả địa cầu, không biết rằng, cánh cửa nọ đã được mở toang, từ mấy chục năm về trước.\r\n\r\nHùng tráng, kịch tính, triết lý, nên thơ, với những tri thức khoa học thú vị, Tam thể là phần mở đầu mang cảm hứng sử thi cho tam bộ khúc của Lưu Từ Hân. Sau tất cả những mưu toan ly kỳ, nham hiểm, những nỗ lực tưởng chừng tuyệt vọng để sinh tồn, câu hỏi còn đọng lại, không phải \'Loài người nên làm gì để đối phó với sự xâm lăng của Tam Thể?\', mà là \'Loài người đã làm gì chính mình?\'\r\n                                                    ', 4, 1),
(20, 'Hai Vạn Dặm Dưới Biển', 'Jules Verne', 10, 'img/hai-van-dam-duoi-bien.jpg', 89000, 'Hai Vạn Dặm Dưới Đáy Biển là một tiểu thuyết khoa học viễn tưởng kinh điển của nhà văn người Pháp – Jules Verne xuất bản vào năm 1870. Nó kể câu chuyện về Thuyền trưởng Nê-mô – một người thù ghét đất liền và con tàu ngầm Nau-ti-lux có một không hai của ông ta, từ quan điểm của giáo sư A-rô-nắc. Trong một chuyến đi khảo sát sinh vật biển bí ẩn trên chiếc tàu Lin-côn, giáo sư A-rô-nắc - một giáo sư giàu kiến thức ham mê tìm tòi; trợ lý Công-xây - anh phụ tá điềm tĩnh đến lạ thường, chung thành tuyệt đối, ham thích phân loại giống vật; và chàng thợ đánh bắt cá voi cừ khôi, nóng tính nhưng cũng trượng nghĩa - Nét Len, tất cả bị rơi khỏi tàu và vô tình bị bắt vào tàu ngầm Nau-ti-lux của thuyền trưởng Nê-mô. Từ đây họ bắt đầu một hành trình khám phá thế giới đại dương huyền ảo với thuyền trưởng Nê-Mô và các thủy thủ trên tàu Nau-ti-lux.\r\n                                                    ', 4, 1),
(21, 'Người Máy Có Mơ Về Cừu Điện Không', 'Philip K.Dick', 10, 'img/nguoi-may-co-mo-ve-cuu-dien-khong.jpg', 92000, 'Người Máy Có Mơ Về Cừu Điện Không?- một trong những cuốn tiểu thuyết khoa học viễn tưởng viết năm 1986 đưa lại hình dung đình đám nhất về đời sống hậu-nhân loại (post-human) của Phillip K.Dick', 4, 1),
(22, 'Nhà Hàng Ở Tận Cùng Vũ Trụ', 'Douglas Adams', 10, 'img/nha-hang-o-tan-cung-vu-tru.jpg', 87000, 'Bởi Trái Đất đã nổ tung, chúng ta hãy cứ tiếp tục lạc trôi trong Vũ Trụ cùng Bí kíp quá giang vào Ngân Hà và nhóm người ngoài hành tinh kỳ quặc: Arthur Dent người trái đất, Ford Prefect, bạn lâu năm kiêm biên tập viên kỳ cựu của Bí kíp; Zaphod Beeblebrox, cựu tổng thống Ngân Hà ba tay hai đầu; Tricia McMillan, cũng người trái đất; và Marvin, người máy hoang tưởng trầm uất. Và đích đến là đâu? Chính là địa điểm vừa để giải trí tận thế vừa ăn tối cực hot; nơi đồ ăn (thật sự) sẽ tự chúng lên tiếng mời bạn xơ chúng.\r\n\r\nNhưng liệu bọn họ có đến được nơi? Câu trả lời là: khó nói lắm. Song bạn hãy nhớ Bí kíp đã xóa luôn thời Tương lai Hoàn thành bởi cuốn sách đã khám phá ra rằng: Chẳng có tương lai nào hoàn thành cả!\r\n\r\n\"Cái hài hước của cuốn sách vừa ngầu vừa đậm vẻ chán chường, nó không thẹn thùng mà thu hút ngay bất cứ ai thấy - cuộc đời quá ngắn để coi mọi chuyện là nghiêm túc.\" - Observer Colour Magazine', 4, 1),
(23, 'Cỗ Máy Thời Gian', 'H.G.Wells', 10, 'img/co-may-thoi-gian.jpg', 50000, 'Nhân vật chính trong Cỗ máy Thời Gian, bằng phát minh khoa học của mình, đã đến tương lai xa xôi năm 802701 và dấn thân vào cuộc hành trình đi tìm câu trả lời về số phận của nhân loại. Những tưởng sẽ thấy được con người ở giai đoạn đỉnh cao huy hoàng nhưng tiếc thay trước mắt ông chỉ là một chuỗi những tàn tích, hậu quả để lại từ cuộc sống hiện tại. Sức mạnh, trí tuệ và cả những tình cảm thiện lương nguyên sơ dần thoái hóa, báo hiệu nhân loại đã “tới hồi tàn tạ”. Ra đời vào cuối thế kỉ 19, Cỗ máy Thời Gian sớm trở thành lời cảnh tỉnh về những diễn biến đáng lo ngại của xã hội loài người ở thực tại. Với văn phong mới lạ đan xen u ám, cốt truyện khoa học giả tưởng nhưng lại hiển hiện rõ sự thật về cuộc sống con người, tiểu thuyết đầu tay của nhà văn H. G. Wells suốt hơn 100 năm qua vẫn giữ nguyên tính sáng tạo và nét hấp dẫn, trở thành nguồn cảm hứng cho nhiều phóng tác nghệ thuật khác nhau.', 4, 1),
(24, 'The Circle', 'Dave Eggers', 10, 'img/the-circle.jpg', 180000, 'The Circle is the exhilarating new novel from Dave Eggers, best-selling author of A Hologram for the King, a finalist for the National Book Award. When Mae Holland is hired to work for the Circle, the world\'s most powerful internet company, she feels she\'s been given the opportunity of a lifetime. The Circle, run out of a sprawling California campus, links users\' personal emails, social media, banking, and purchasing with their universal operating system, resulting in one online identity and a new age of civility and transparency. As Mae tours the open-plan office spaces, the towering glass dining facilities, the cozy dorms for those who spend nights at work, she is thrilled with the company\'s modernity and activity. There are parties that last through the night, there are famous musicians playing on the lawn, there are athletic activities and clubs and brunches, and even an aquarium of rare fish retrieved from the Marianas Trench by the CEO. Mae can\'t believe her luck, her great fortune to work for the most influential company in the world-even as life beyond the campus grows distant, even as a strange encounter with a colleague leaves her shaken, even as her role at the Circle becomes increasingly public. What begins as the captivating story of one woman\'s ambition and idealism soon becomes a heart-racing novel of suspense, raising questions about memory, history, privacy, democracy, and the limits of human knowledge.', 4, 1),
(25, 'Truyện Cổ Grimm', 'Jacob & Wilhemm Grimm', 10, 'img/truyen-co-grimm.jpg', 200000, 'Năm 1812, ấn bản đầu tiên của tập truyện “Kinder-und Hausmärchen” (Chuyện kể cho trẻ em và trong gia đình) ra đời tại Berlin, và lập tức gây được tiếng vang trong cộng đồng những nhà nghiên cứu ở Đức. Nhưng hẳn không một học giả nào tại thời điểm đó, hay thậm chí là những tác giả của tập truyện, có thể hình dung được giá trị và sức ảnh hưởng mà tập truyện mang lại trên toàn cầu, trong suốt chiều dài phát triển của lịch sử nhân loại. Đến tận ngày nay, hơn 200 năm sau ngày phát hành ấn bản đầu tiên, tập truyện vẫn được dịch và tái bản thường xuyên ở hàng trăm quốc gia, tiếp tục nuôi dưỡng những tâm hồn trẻ thơ, tưới tắm cho trí tưởng tượng thông qua các câu chuyện kỳ ảo, được gọi chung với cái tên quen thuộc: “Truyện cổ Grimm”.\r\n\r\nTại Việt Nam, “Truyện cổ Grim” đã được giới thiệu đến các độc giả qua nhiều lần xuất bản khác nhau, với các ấn bản truyện chữ theo bản dịch từ truyện của hai anh em nhà Grimm, thêm minh họa, hay truyện tranh do các họa sĩ vẽ lại với nội dung rút gọ Lần in này, Đông A trân trọng giới thiệu tới bạn đọc “Truyện cổ Grimm - Ấn bản đầy đủ nhất kèm 184 minh hoạ” với những điểm đáng chú ý như sau:\r\n\r\nVề nội dung, đây được xem là ấn bản đầy đủ nhất đến thời điểm hiện tại, gồm 215 truyện. Trong đó có 211 truyện đúng số lượng và thứ tự theo bản năm 1857, ấn bản cuối cùng của anh em nhà Grimm trước khi hai ông qua đời (bao gồm 10 truyện thuộc phần “Huyền thoại cho trẻ em”, có tính giáo dục và mang đậm màu sắc tôn giáo). Ngoài 211 truyện này, còn có 4 truyện xuất hiện trong các ấn bản trước, nhưng về sau đã bị anh em Grimm loại ra do sự tương đồng với các tác phẩm của những nhà văn khác.\r\n\r\n215 truyện này đến được đầy đủ với độc giả nhờ sự chuyển ngữ của ba dịch giả khác nhau, gồm dịch giả Hữu Ngọc – các bản dịch truyện Grimm của ông được tái bản thường xuyên trong suốt 50 năm qua; dịch giả Lương Văn Hồng – người dịch và biên soạn nhiều bộ sách tiếng Đức; dịch giả Ngụy Hữu Tâm – người từng học tập và làm việc lâu năm tại Đức. Ngoài việc tổng hợp đầy đủ các truyện, những người làm sách còn tiến hành đối chiếu với bản dịch tiếng Anh của Dan L. Ashliman và Margaret Hunt để biên tập, thêm những phần bị thiếu, hiệu chỉnh tên riêng cho thống nhất với nguyên bản.\r\n\r\nVề hình thức, chúng tôi sử dụng bộ minh họa “Truyện cổ Grimm” đầy đủ đầu tiên của hai họa sĩ Philipp Grot Johann và Robert Leinweber xuất bản đầu thế kỷ XX tại Đức. Đây cũng là lần đầu bản minh họa của hai họa sĩ tài năng này được giới thiệu đến độc giả Việt Nam, với hầu hết các truyện đều có hình ảnh, giúp người đọc dễ hình dung hơn bối cảnh, nhân vật, trang phục và các vật dụng được miêu tả trong câu chuyện.\r\n\r\n“Truyện cổ Grimm” - ấn bản đầy đủ dành cho người sưu tầm và chơi sách - bản cao cấp được in hai màu trên giấy chất lượng cao, tặng kèm 02 postcard và 01 bookmark.', 5, 1),
(26, 'Bà Chúa Tuyết', 'Hans Christian Andersen', 10, 'img/ba-chua-tuyet.jpg', 90000, 'Các bạn nhỏ thân mến. Thế giới vô cùng rộng lớn và đang chờ bạn khám phá. Bạn có tò mò tại sao lại như thế này mà không phải như thế kia? Bộ truyện tranh song ngữ Anh - Việt gồm nhiều câu chuyện kì thú đưa các bạn vào những cuộc phiêu lưu đầy màu sắc, khám phá ra vô vàn những điều thú vị. Càng tuyệt vời hơn khi các bạn còn hiểu câu chuyện qua một ngôn ngữ khác, tiếng Anh.\r\n\r\nĐặc biệt sau mỗi câu chuyện có những trò chơi thú vị dành cho bé như: Tìm đường đi, Viết các đoạn hội thoại, Ngân hàng từ vựng, Nối các điểm, Tìm điểm khác nhau, sẽ giúp các phát triển tư duy logic.\r\n\r\nCòn chờ gì nữa?\r\n\r\nHãy cùng bước vào câu chuyện Mother Holle (Bà Chúa Tuyết) đầy màu sắc và trở thành người hùng có khả năng nói tiếng Anh lưu loát thôi nào!', 5, 1),
(27, 'Nghìn Lẻ Một Đêm', 'Antoine Galland', 10, 'img/nghin-le-mot-dem.jpg', 168000, 'Bắt nguồn từ một cuốn sách cổ tên là Hezār Afsān (Một ngàn truyện), pho sách đồ sộ Nghìn lẻ một đêm tập hợp những câu chuyện dân gian kỳ ảo có xuất xứ từ Ả Rập, Ba Tư và Hy Lạp, được lưu truyền bởi những người Ai Cập kể chuyện rong vào thế kỷ XII và XIII, có nội dung phong phú, chủ đề đa dạng và từ ngữ sáng sủa. Về nội dung, Nghìn lẻ một đêm mở ra một thế giới đa sắc màu với đủ các khuôn mặt từ thần tiên đến con người, từ nhà quý tộc đến người bình dân trong xã hội Ả Rập thời Trung cổ. Về nghệ thuật, tác phẩm có một kết cấu hết sức hoàn chỉnh, mạch truyện hấp dẫn với nhiều tình tiết kịch tính và bất ngờ, cùng ngôn ngữ kể chuyện điêu luyện. Kể từ khi xuất hiện, Nghìn lẻ một đêm sớm gây ảnh hưởng sâu rộng lên nền văn học nhân loại và truyền cảm hứng cho nhiều nhà văn nổi tiếng thế giới, như lời nhận xét của nhà văn Maxin Gorki: “Công trình dệt gấm bằng từ ngữ này xuất hiện từ thời tối cổ, những sợi tơ muôn màu của nó lan khắp bốn phương, phủ lên Trái Đất một tấm thảm từ ngữ đẹp lạ lùng”.\r\nTại Việt Nam, bản chuyển ngữ Nghìn lẻ một đêm của dịch giả Phan Quang từ bản Pháp ngữ Les mille et une nuits nổi tiếng của học giả Antoine Galland đã nhận được sự yêu mến của đông đảo bạn đọc. Nhờ tình yêu và lòng say mê kiệt tác của Antoine Galland, nhà báo lão thành Phan Quang đã kỳ công sưu tầm và tìm hiểu nhiều tư liệu quý hiếm liên quan đến tác phẩm cũng như đạo Hồi và văn hóa Ả Rập, để rồi đưa đến tay bạn đọc nước nhà một bản dịch xuất sắc và hoàn chỉnh.\r\n\r\nTrong ấn bản lần này, Đông A giữ lại đầy đủ và trọn vẹn tất cả những truyện mà dịch giả chuyển ngữ dựa vào bản in Les mille et une nuits do nhà xuất bản Anh em Garnier (Librairie Garnier Frères) phát hành năm 1921. Ngoài ra, Đông A cũng giữ lại và trình bày theo đúng nguyên tác toàn bộ tranh vẽ minh họa trong bản in của nhà Anh em Garnier, đồng thời bổ sung một số minh họa từ ấn bản tiếng Đức do nhà Verlag von Emil Strauß phát hành năm 1897, với mong muốn đưa đến cho độc giả một cái nhìn sống động và chân thực nhất về thế giới Ả Rập, để rồi từ đó có thể chìm đắm trong những câu chuyện nhiệm màu của nàng Scheherazade.', 5, 1),
(28, 'Ngụ Ngôn Aesop', 'Fiona Waters & Fulvio Testa', 10, 'img/ngu-ngon-aesop.jpg', 52000, 'Với hình minh họa đẹp mắt, lời kể sinh động và các nhân vật gần gũi, dễ thương, truyện cổ Ngụ Ngôn Aesop sẽ dẫn các bạn bước vào thế giới của những câu chuyện cổ tích thần tiên hay nhất và hấp dẫn nhất.', 5, 1),
(29, 'Phù Thủy Xứ OZ', 'L.Frank Baum', 10, 'img/phu-thuy-xu-oz.jpg', 119000, 'Dorothy là cô bé mồ côi sống cùng chú thím trong trang trại nhỏ nằm giữa vùng thảo nguyên Kansas bao la.\r\n\r\nNgày nọ, một cơn lốc xoáy bất ngờ xuất hiện, cuốn bay căn nhà có Dorothy và chú chó nhỏ Toto bên trong, đưa họ đến với miền đất xanh tươi có tên gọi xứ Oz. Dorothy gặp những người Munchkin và được họ cho biết, muốn trở về nhà, em hãy đi theo con đường Gạch Vàng đến thành phố Ngọc Lục Bảo nhờ Pháp Sư Oz Quyền Năng giúp đỡ.\r\n\r\nTrên đường đi, Dorothy kết bạn với Bù Nhìn, Người Thiếc, Sư Tử Nhát Gan. Mỗi người đều mang trong mình một khát khao cháy bỏng và sẵn lòng vượt mọi chông gai để đạt được nguyện ước.\r\n\r\nTừ đây bắt đầu hành trình gian nan nhưng cũng đầy kỳ thú của Dorothy, Toto và các bạn, cùng nhau vượt qua đồng hoa chết chóc, chiến thắng quái thú hung bạo, tiêu diệt Phù Thủy Độc Ác, đối mặt với Pháp Sư Oz hùng mạnh để chạm tới ước mơ…\r\n\r\nTất cả đã làm nên một Phù thủy xứ Oz hấp dẫn tuyệt vời, tác phẩm được ngợi ca là “câu chuyện thần tiên nổi tiếng nhất mọi thời đại của nước Mỹ”.', 5, 1),
(30, 'Thơ Ngụ Ngôn La Fontaine', 'La Fontaine', 10, 'img/tho-ngu-ngon-la-fontaine.jpg', 25000, 'Thơ ngụ ngôn của La Fontaine khai thác đề tài từ những truyện ngụ ngôn nổi tiếng của văn học Hy Lạp, Ấn Độ... mượn chuyện loài vật để nói chuyện con người.\r\n\r\nThơ ông thể hiện rất rõ tư tưởng lạc quan yêu đời, yêu thiên nhiên, yêu thương những người lương thiện bị đè nén, áp bức do yếu hèn, cô thế và lên án thói đạo đức giả, hợm mình...\r\n\r\nMỗi bài thơ ngụ ngôn trong tập sách đề cập đến một khía cạnh khác nhau của cuộc sống, ẩn chứa một bài học hay một thông điệp ý nghĩa.\r\n\r\nỞ Việt Nam, cho đến nay, tập thơ ngụ ngôn của La Fontaine do Nguyễn Văn Vĩnh dịch vẫn là một bản dịch chuẩn mực, truyền đạt được nội dung và tinh thần của nguyên tác, đồng thời khẳng định tính phong phú của ngôn ngữ Việt Nam.', 5, 1),
(31, 'Đắc Nhân Tâm', 'Dane Carnegie', 10, 'img/dac-nhan-tam.jpg', 86000, 'Đắc nhân tâm của Dale Carnegie là quyển sách duy nhất về thể loại self-help liên tục đứng đầu danh mục sách bán chạy nhất (best-selling Books) do báo The New York Times bình chọn suốt 10 năm liền. Được xuất bản năm 1936, với số lượng bán ra hơn 15 triệu bản, tính đến nay, sách đã được dịch ra ở hầu hết các ngôn ngữ, trong đó có cả Việt Nam, và đã nhận được sự đón tiếp nhiệt tình của đọc giả ở hầu hết các quốc gia.\r\n\r\nLà quyển sách đầu tiên có ảnh hưởng làm thay đổi cuộc đời của hàng triệu người trên thế giới, Đắc Nhân Tâm là cuốn sách đem lại những giá trị tuyệt vời cho người đọc, bao gồm những lời khuyên cực kì bổ ích về cách ứng xử trong cuộc sống hàng ngày. Sức lan toả của quyển sách vô cùng rộng lớn – với nhiều tầng lớp, đối tượng.', 6, 1),
(32, 'Sapiens Lược Sử Loài Người', 'Yuval Noah Harari', 10, 'img/sapiens.jpg', 194000, 'Sapiens là một câu chuyện lịch sử lớn về nền văn minh nhân loại – cách chúng ta phát triển từ xã hội săn bắt hái lượm thuở sơ khai đến cách chúng ta tổ chức xã hội và nền kinh tế ngày nay.\r\n\r\nTrong ấn bản mới này của cuốn Sapiens - Lược sử loài người, chúng tôi đã có một số hiệu chỉnh về nội dung với sự tham gia, đóng góp của các thành viên Cộng đồng đọc sách Tinh hoa. Xin trân trọng cảm ơn ý kiến đóng góp tận tâm của các quý độc giả, đặc biệt là ông Nguyễn Hoàng Giang, ông Nguyễn Việt Long, ông Đặng Trọng Hiếu cùng những người khác. Mong tiếp tục nhận được sự quan tâm và góp ý từ độc giả.\r\n\r\nReview sách:\r\n\r\nĐiểm độc đáo ở Harari là ông tập trung vào sức mạnh của câu chuyện và huyền thoại để đưa mọi người lại gần Tôi muốn giới thiệu cuốn sách này cho bất cứ ai hứng thú quan tâm tới một cách nhìn đầy hấp dẫn và thú vị về lịch sử ban đầu của con ngườ Harari kể về lịch sử loài người theo một cách dễ tiếp cận khiến bạn thật khó có thể đặt nó xuống”. – Bill Gates\r\n\r\n“Sapiens tìm câu trả lời cho vấn đề lớn nhất của lịch sử cũng như của thế giới hiện đại, và nó được viết bằng một thứ ngôn ngữ tuyệt vời khiến người ta không thể quên được”. – Jared Diamond, tác giả cuốn sách đoạt giải Pulitzer Súng, vi trùng và thép\r\n\r\n“Sapiens thuộc loại sách có thể giúp dọn sạch tâm trí bạn. Tác giả của nó, Yuval Noah Harari, là một học giả người Israel trẻ tuổi và là một người làm xiếc tri thức điêu luyện với những bước nhảy logic khiến bạn phải thót tim ngưỡng mộ Ngòi bút của Harari tỏa ra sức mạnh và sự sáng rõ, làm cho thế giới trở nên kỳ lạ và mới mẻ”.', 6, 1),
(33, 'Nguồn Gốc Các Loài', 'Charles Darwin', 10, 'img/nguon-goc-cac-loai.jpg', 140000, 'Nguồn Gốc Các Loài là tên rút gọn của cuốn sách Về Nguồn Gốc Các Loài Qua Con Đường Chọn Lọc Tự Nhiên, hay Sự Bảo Tồn Những Chủng Ưu Thế Trong Đấu Tranh Sinh Tồn (của Charles Darwin, xuất bản năm 1859). Đây là một cuốn sách khoa học hiếm có khi bán hết 1250 bản in lần đầu trong vòng một ngày và trong một thời gian ngắn đã làm “rung chuyển” cả thế giới. Cuốn sách này là kết quả của những quan sát của Darwin trong chuyến đi gần 5 năm, từ 1831 đến 1836, trên con tàu biển Beagle vòng quanh thế giới, cùng với những suy tư và nghiên cứu của ông trong hai mươi năm sau đó, trong đó ông đặt vấn đề có tính quyết định về biến đổi luận hay sự tiến hóa. Sách của ông đã được xuất bản nhiều lần, sửa đổi, liên tục cập nhật cho đến khi ông mất.\r\n\r\nCharles Robert Darwin (1809-1882) là một nhà nghiên cứu nổi tiếng trong lĩnh vực tự nhiên học. Ông là người đã phát hiện và chứng minh rằng mọi loài đều tiến hóa theo thời gian từ những tổ tiên chung qua quá trình chọn lọc tự nhiên. Nếu như sự tiến hóa được cộng đồng các nhà khoa học và công chúng chấp nhận ở thời đại Darwin, thì lý thuyết chọn lọc của ông trong những năm 1930 được xem như lời giải thích chính yếu cho quá trình này, và ngày nay đã trở thành nền tảng cho lý thuyết tiến hóa hiện đại. Khám phá này là lý thuyết thống nhất cho các ngành khoa học sinh vật, có thể đưa ra lời giải thích duy lý cho sự đa dạng loài.', 6, 1),
(34, 'Tiểu Sử Steve Jobs', 'Walter Isaacson', 10, 'img/tieu-su-steve-jobs.jpg', 371000, 'Cuốn tiểu sử với tiêu đề ngắn gọn Steve Jobs do cựu thư ký tòa soạn của tạp chí Time, Walter Isaacson biên soạn, dựa trên 40 cuộc phỏng vấn với Steve Jobs trong 2 năm qua cùng các cuộc phỏng vấn với hơn 100 người thân, bạn bè, đồng nghiệp và đối thủ của ông, phát hành trên Amazon vào ngày 24/10 đang liên tục đứng vị trí số 1 danh sách sách bán chạy nhất của cả Amazon lẫn Barnes & Nobles. Đây cũng là cuốn tiểu sử đầu tiên và duy nhất nhận được sự đồng ý của Steve Jobs. Walter Isaacson cũng là người viết tiểu sử nổi tiếng, với 2 tác phẩm viết về Benjamin Franklin và Albert Einstein.\r\n\r\nCuốn sách Tiểu Sử Steve Jobs tiết lộ nhiều thông tin chưa từng được kể về Steve Jobs như tính cách cay nghiệt, kỳ dị, chuyện ông chiến đấu với bệnh ung thư, những mối quan hệ lãng mạn của ông và cuộc hôn nhân với bà Laurene Powell hay gặp cha đẻ Abdulfattah \"John\" J Và trên hết đó là quá trình ông đã gây dựng và chèo lái Apple đi đến thành công như ngày hôm nay với không ít sai lầm cũng như những ám ảnh không thôi về sự hoàn hảo. Tác phẩm vì thế đã cung cấp cho người đọc một cái nhìn sâu sắc về nhân cách và cả những thành tựu của cuộc đời Steve Jobs. Đó là một cuốn sách chứa đựng những điều Steve Jobs muốn nói với thế giới.', 6, 1),
(35, 'Binh Pháp Tôn Tử', 'Tôn Tử', 10, 'img/binh-phap-ton-tu.jpg', 160000, 'Được xưng tụng là tuyệt tác binh thư hàng đầu của thế giới cổ đại, binh thư kinh điển vĩ đại nhất trong lịch sử nhân loại, Tôn Tử binh pháp là một cuốn cổ thư “kỳ quái”, “để trong vườn sẽ tỏa mùi thơm của hoa quý, ném xuống đất sẽ vang tiếng kêu của bạc vàng”. Nó không chỉ được các vua chúa từ đông sang tây xem như sách gối đầu giường, bí kíp quân sự không thể thiếu, mà còn được nhiều chuyên gia trong các lĩnh vực như triết học, kinh doanh, tâm lý học, ngôn ngữ học, thể dục thể thao… ứng dụng để nghiên cứu và đạt được nhiều thành tựu đáng kể.\r\n\r\nTôn Tử binh pháp với văn từ gọn ghẽ, nghĩa lý sâu xa, âm điệu bay bổng, nhờ đó sức lan tỏa và tầm ảnh hưởng của “thánh điển binh học” này vô cùng rộng lớn, được dịch ra trên 100 thứ tiếng và xuất bản hầu khắp trên toàn thế giới. \r\n\r\n“Biết người biết mình, trăm trận không nguy.\r\n\r\nKhông biết người chỉ biết mình, một được một thua.\r\n\r\nKhông biết người không biết mình, hễ đánh là nguy.”\r\n\r\n- Thiên Mưu công, Tôn Tử binh phápa', 6, 1),
(36, 'Vũ Trụ Trong Vỏ Hạt Dẻ', 'Stephen Hawking', 10, 'img/vu-tru-trong-vo-hat-de.jpg', 98000, 'Lòng khát khao khám phá luôn là động lực cho trí sáng tạo của con người trong mọi lĩnh vực không chỉ trong khoa học. Điều đó được kiểm chứng trong quyển Vũ trụ trong vỏ hạt dẻ.', 6, 1),
(37, 'Tự Truyện Andrew Carnegie', 'Andrew Carnegie', 10, 'img/tu-truyen-andrew-carnegie.jpg', 169000, 'Andrew Carnegie là một nhà đại tư bản của nước Mỹ nhưng cũng là một trong những người bác ái, đóng góp tài sản, tiền bạc cho sự phát triển của cộng đồng, của quê hương và nhân loại. Sinh năm 1835 ở Xcốt-len, Carnegie đã cùng với gia đình chuyển tới Mỹ. Khi trưởng thành, ở Pittsburgh, ông làm nhân viên điện báo và nhân viên thư ký trong ngành đường sắt và tiếp tục thăng tiến trong công ty đường sắt Pennsylvania. Khi Cuộc Nội chiến nổ ra, ông được giao nhiệm vụ đảm nhiệm hệ thống đường sắt và điện báo của chính phủ Mỹ và ông đã làm xuất sắc công việc này. Ông là người theo Đảng Cộng hoà và là người phản đối chế độ nô lệ. Ngoài khả năng làm việc chăm chỉ, xuất sắc và cách đối xử tốt với mọi người, Carnegie còn có rất tài giỏi trong việc xác định nghề nghiệp. Hệ thống đường sắt của Mỹ phát triển nhanh và ông nói: “Việc sản xuất như của chúng tôi khó có thể phát triển để đáp ứng kịp nhu cầu của người dân Mỹ. Nhờ vậy, ông bắt đầu trở nên giàu có và sau khi bán nhà máy sắt thép lớn nhất nước Mỹ, ông trở thành người giàu có nhất thế giới. Ông về nghỉ hưu trong lâu đài Skibo yêu thích ở Xcốt-len và qua đời tại Lenox, Massachusetts vào năm 1919.', 7, 1),
(38, 'Tự Truyện Benjamin Franklin', 'Benjamin Franklin', 10, 'img/tu-truyen-benjamin-franklin.jpg', 100000, '\"Mười bảy tuổi, tôi khăn gói thu xếp hành lý cùng lên tàu với anh. Sau ba ngày lênh đênh trên biển, từ Boston, chúng tôi đã đến New York. Nhưng đáng tiếc, tại đây, chúng tôi không tìm được việc làm và phải tiếp tục lên đường đến Philadelphia. Thật không may, chuyến đi không biết trước lần này lại đem đến cho chúng tôi một tai họa. Chúng tôi gặp phải một cơn bão lớn, chiếc thuyền bị đánh nát tươm những cánh buồm. Trôi lênh đênh 30 giờ trên biển, rốt cuộc chúng tôi không thể đi xa hơn để đến Philadelphia mà phải dừng lại ở một bến cách đó vài mươi dặm…”\r\n\r\nĐược coi là một trong những tác phẩm kinh điển trong nền văn học Mỹ, cuốn tự truyện của Benjamin Franklin đã được dịch sang nhiều ngôn ngữ và được độc giả nhiều nước hoan nghênh đón nhận. Cuốn sách có nội dung bao trùm toàn bộ cuộc đời của Benjamin Franklin từ khi ông còn sinh sống tại London cho tới khi trở thành người đại diện cho Hội đồng lập pháp bang Pensylvania.\r\n\r\nFranklin là một chính khách, nhà lập quốc nổi tiếng nhất của Hoa Kỳ. Ông là một trong 4 người ký vào tuyên ngôn độc lập của Hoa Kỳ năm 1776. Ngoài ra, ông còn là người đa tài của Thời Đại Khai Sáng: nhà khoa học, tác giả, triết gia, nhà phát minh, nhà hoạt động xã hội và nhà ngoại giao hàng đầu.\r\n\r\nNăm chương đầu của cuốn Tự truyện của Benjamin Frankalin được viết ở Anh vào năm 1771, được tiếp tục vào năm 1784 - 1785 và bắt đầu viết tiếp vào năm 1788, ông giảm xuống chỉ còn những sự kiện diễn ra tới năm 1757. Sau hàng loạt chuyến phiêu lưu phi thường, bản thảo đầu tiên cũng như cuối cùng được John Bigelow in ra và giờ đây được tái bản để ghi nhận giá trị của cuốn sách như một bức tranh về một trong những nhân vật đáng kính nhất thời thuộc địa và là một trong những cuốn tự truyện xuất sắc nhất thế giới.\r\n\r\nĐây là cuốn tự truyện tuyệt vời về một vĩ nhân đáng kính phục mà chúng ta - nhất là những người trẻ tuổi không nên bỏ lỡ!', 7, 1),
(39, 'Tự truyện Nguyễn Ngọc Ký - Tâm Huyết Trao Đời', 'Nguyễn Ngọc Ký', 10, 'img/tu-truyen-nguyen-ngoc-ky.jpg', 95000, 'Trong cuộc sống, có những con người sinh ra đã phải chịu số phận rủi ro, bất hạnh, tưởng chừng như họ chỉ sống lay lắt, hoặc không thể tồn tại mà không có sự giúp đỡ của người khác. Thế nhưng, cũng không ít người không cam chịu những thiệt thòi của số phận, mà khó khăn tật nguyền càng đè nặng bao nhiêu họ càng bật dậy mạnh mẽ bấy nhiêu. Họ không chỉ tìm cho mình một ánh lửa niềm tin để tồn tại mà còn truyền lửa cho nhiều người lành lặn khác - Thầy giáo Nguyễn Ngọc Ký là một con người như thế.\r\n\r\nMấy chục năm qua, tấm gương vượt khó để học tập của Nguyễn Ngọc Ký  từ trang sách giáo khoa, lan tỏa và truyền động lực cho nhiều thế hệ thanh niên, học sinh ở Việt Nam. Mấy chục năm qua cũng là quãng thời gian mà cậu học sinh tật nguyền Nguyễn Ngọc Ký kiên trì, vượt qua nhiều khó khăn của cuộc sống tật nguyền để trở thành Nhà giáo giàu tri thức, giàu tâm huyết. Thầy Nguyễn Ngọc Ký không chỉ thắp sáng cuộc đời mình bằng ý chí, bằng nghị lực mà còn thắp sáng cho bao nhiêu thế hệ học sinh bằng tất cả tâm huyết của mình. Bây giờ bước vào tuổi “thất thập cổ lai hy” tuy không còn lên lớp giảng bài, nhưng thầy Nguyễn Ngọc Ký vẫn miệt mài truyền lửa bằng ngòi bút của mình - đó chính là cuốn sách “Tâm huyết trao đời”.\r\n\r\nGần năm mươi câu chuyện trong cuốn tự truyện “Tâm huyết trao đời”, bao quát khoảng thời gian từ lúc chàng sinh viên Nguyễn Ngọc Ký tốt nghiệp Đại học Tổng hợp Hà Nội, theo lời khuyên của Cố Thủ tướng Phạm Văn Đồng về quê dạy học, trở thành giáo viên dạy giỏi của toàn ngành, đến khi là cán bộ xuất sắc của Phòng Giáo dục Quận Gò Vấp, Thành phố Hồ Chí Minh, nghỉ hưu năm 2005… càng giúp bạn đọc thêm ngưỡng mộ một con người tuy bị tàn tật về thân thể, nhưng mạnh mẽ về trí tuệ, tinh thần, có lòng tha thiết yêu đời, yêu nghề, kiên cường vượt lên thử thách nghiệt ngã của số phận và đã làm nên những điều tuyệt vời mà không phải ai cũng có thể làm được.\r\n\r\nVới tâm huyết cháy bỏng của mình, thông qua mỗi câu chuyện kể, Nhà giáo Ưu tú, Nhà văn Nguyễn Ngọc Ký cũng “trao đời” những bài học kinh nghiệm sâu sắc, đúc rút từ chính cuộc đời mình – người thầy dạy học, viết văn bằng chân đầu tiên ở Việt Nam, với tư duy đổi mới về dạy và học, về đào tạo phát triển toàn diện con người. Đó không chỉ là những chắt lọc mang tính chuyên môn mà còn là tâm hồn, tình cảm, nhân cách cao đẹp của một nhà giáo chân chính, có sức lan tỏa tích cực trong xã hội. Chính những ưu điểm trên, cuốn “Tâm huyết trao đời” của Nhà giáo Ưu tú, Nhà văn Nguyễn Ngọc Ký như người bạn hiền, luôn khích lệ bạn đọc mỗi khi họ phải đối mặt với khó khăn, thử thách. Cuốn sách cũng truyền cảm hứng yêu đời, luôn phấn đấu vượt lên chính mình, cho các thế hệ học sinh hôm nay và mai sau.\r\n\r\n“Tâm huyết trao đời”, cũng là tập cuối của bộ ba hồi ký cuộc đời nhà văn, Nhà giáo Ưu tú Nguyễn Ngọc Ký như một bức tranh hoàn chỉnh gửi đến bạn đọc. Trong tác phẩm, những câu chuyện giản dị được kể một cách chân thật, sinh động, có sức hấp dẫn và lay động mạnh mẽ. Mỗi chương là một cánh cửa, mở ra không gian rộng lớn cho bạn đọc hiểu thêm về tâm hồn và triết lý sống của Thầy - một con người cởi mở, khiêm nhường, giàu yêu thương, đầy khát vọng, nhiệt huyết, nhiều sáng kiến và quyết tâm…Nó thực sự là một tấm lòng cao cả của hôm qua, hôm nay và mai sau cho thế hệ sau này đang muốn vươn về tương lai tươi sáng.\r\n\r\nNguyễn Ngọc Ký sinh ra và lớn lên ở Hải Hậu, Nam Định – vùng đất giàu truyền thống văn hiến và hiếu học. Lên 4 tuổi, không may bị bệnh, liệt cả hai tay, Nguyễn Ngọc Ký không còn điều kiện để được ăn, học, vui chơi, phát triển như bao đứa trẻ bình thường khác. Nhưng không đầu hàng số phận, Nguyễn Ngọc Ký đã kiên trì khổ luyện, tập viết bằng chân, tập làm việc, sinh hoạt bằng chân, thay đôi tay đã bị tàn phế; được đến trường đi học, phấn đấu trở thành học sinh giỏi, hai lần được Bác Hồ tặng Huy hiệu cao quý của Người; rồi anh thi đỗ đại học, mở cánh cửa vào đời bằng… đôi chân kỳ diệu.', 7, 1);
INSERT INTO `product` (`idProduct`, `nameProduct`, `authorProduct`, `amountProduct`, `imgProduct`, `priceProduct`, `desProduct`, `idCat`, `showHide`) VALUES
(40, 'Hồ Chí Minh Biên Niên Tiểu Sử', 'Nhiều Tác Giả', 10, 'img/ho-chi-minh-bien-nien-tieu-su.jpg', 1150000, 'Cuốn Sách Hồ Chí Minh – Biên niên tiểu sử là một công trình lịch sử được trình bày dưới hình thức biên niên. Nhưng khác với niên biểu hay biên niên sự kiện trong đó chỉ liệt kê tóm tắt năm tháng xảy ra các sự kiện chính, đánh dấu bước chuyển biến trong cuộc đời và tư tưởng của vĩ nhân, mà không lược thuật nội dung các sự kiện, còn biên niên tiểu sử là một cuốn sử với đầy đủ các yếu tố niên đại, nhân vật, sự kiện, hoàn cảnh… được ghi chép lại theo trình tự thời gian diễn ra các sự việc, lời nói, bài viết, hành động, sinh hoạt, giao tiếp, v.v. của vĩ nhân đối với thời đại, đất nước, dân tộc, giai cấp, gia đình, họ hàng, bạn hữu, kẻ thù…; từ chuyện lớn đến chuyện nhỏ, trong đời sống chung và đời sống riêng, thể hiện lãnh tụ vừa như một vĩ nhân, vừa như một người bình thường.\r\n\r\nBiên niên tiểu sử được kết cấu theo đơn vị thời gian: năm, tháng, ngày, có khi đến từng giờ. Với một phương pháp ghi chép có vẻ tản mạn, ngẫu nhiên, có biến cố gì ghi nấy, song toàn bộ nội dung của nó bao giờ cũng được nhận thức, phản ánh, diễn đạt theo quan điểm chính trị, tư tưởng, đạo đức của một giai cấp nhất định. Trong biên niên tiểu sử, người đọc được tiếp xúc với một khối lượng tư liệu phong phú, nhiều sự kiện cụ thể, tuy được thể hiện bằng văn lịch sử; nhưng lại sinh động, đáp ứng được yêu cầu của nhà nghiên cứu lẫn người đọc thông thường.\r\n\r\n \r\n\r\nTừ lâu, nhân dân ta, bạn bè, đồng chí và kiều bào ta ở nước ngoài vẫn mong muốn có một bộ sách lớn, công bố đầy đủ những tư liệu chính xác về cuộc đời và sự nghiệp cách mạng “vô cùng oanh liệt và phong phú, vô cùng trong sáng và đẹp đẽ” của Chủ tịch Hồ Chí Minh kính yêu, giúp cho cán bộ và nhân dân ta có điều kiện nghiên cứu, tìm hiểu, học tập sâu sắc về tiểu sử, sự nghiệp, tư tưởng, đạo đức và phong cách của Người. Năm 1992, bộ sách Hồ Chí Minh - Biên niên tiểu sử (10 tập) đã được Nhà xuất bản Chính trị quốc gia Sự thật xuất bản lần đầu tiên và tái bản năm 2006. Năm 2016, sau 10 năm, bộ sách tiếp tục được Nhà xuất bản tái bản, bổ sung thêm một lượng lớn các sự kiện, nâng cao hơn về chất lượng khoa học. Đây được xem như là một “bộ phim” lịch sử quay lại toàn bộ cuộc đời của một vĩ nhân từ thuở ấu thơ cho đến ngày Người “đi gặp cụ Các Mác, cụ Lênin và các vị cách mạng đàn anh khác”.\r\n\r\nBộ sách Hồ Chí Minh - Biên niên tiểu sử do Viện Hồ Chí Minh và các lãnh tụ của Đảng biên soạn là một công trình lịch sử được trình bày dưới hình thức biên niên. Nhưng khác với niên biểu hay biên niên sự kiện mà trong đó chỉ liệt kê tóm tắt năm tháng xảy ra các sự kiện chính, đánh dấu bước chuyển biến trong cuộc đời và tư tưởng của vĩ nhân, mà không lược thuật nội dung các sự kiện, biên niên tiểu sử là một cuốn sử với đầy đủ các yếu tố niên đại, nhân vật, sự kiện, hoàn cảnh,... được ghi chép lại theo trình tự thời gian diễn ra các sự việc, lời nói, bài viết, hành động, sinh hoạt, giao tiếp, v.v. của vĩ nhân đối với thời đại, đất nước, dân tộc, giai cấp, gia đình, họ hàng, bạn hữu, kẻ thù...; từ chuyện lớn đến chuyện nhỏ, trong đời sống chung và đời sống riêng, thể hiện lãnh tụ vừa như một vĩ nhân, vừa như một người bình thường.\r\n\r\nThông qua bộ sách, các nhà nghiên cứu khoa học về kinh tế, chính trị, quân sự, ngoại giao, văn hoá, giáo dục, lịch sử Đảng khai thác được tương đối đầy đủ và hệ thống những tư liệu về Chủ tịch Hồ Chí Minh, người sáng lập Đảng, Mặt trận Dân tộc Thống nhất, Nhà nước và Quân đội nhân dân, người mở đầu và đặt nền móng cho các khoa học xã hội và nhân văn ở nước ta theo quan điểm của chủ nghĩa Mác - Lênin. Bộ sách có tác dụng tra cứu và tham khảo rất bổ ích đối với các nhà nghiên cứu khoa học xã hội ở trong và ngoài nước. Bên cạnh đó, các nhà văn nghệ, sáng tác tiểu thuyết, sân khấu, điện ảnh, hội họa,... có thể khai thác từ biên niên tiểu sử của Chủ tịch Hồ Chí Minh những sự kiện chân thực, sinh động, cụ thể trong cuộc đời của Người từ thời niên thiếu cho đến khi qua đời, để sáng tạo nên những công trình nghệ thuật tương xứng với tầm vóc vĩ đại của Người, góp phần vào sự nghiệp bồi dưỡng thế hệ cách ', 7, 1),
(41, 'Einstein - Cuộc Đời Và Vũ Trụ', 'Walter Isaacson', 10, 'img/einstein-cuoc-doi-va-vu-tru.jpg', 135000, 'Cuốn sách khai thác và công bố những tư liệu mới nhất về Einstein, làm rõ những giai đoạn, sự kiện và vấn đề trong cuộc sống cá nhân của Einstein. Cuốn sách cũng chỉ ra và làm rõ những chặng trên con đường khoa học của Einstein, cho thấy những suy tư và trăn trở của ông để đưa ra những lý thuyết vật lý làm thay đổi toàn bộ nền vật lý thế kỷ XX, cũng như cuộc tranh luận của ông với các nhà cơ học lượng tử. Tác giả đã lột tả được cá tính, tư tưởng chính trị và những đặc điểm trong   trí tuệ, nhân cách của Einstein một cách sinh động.\r\n\r\nNhận định:\r\n\r\n\"Với tài kể chuyện vô song, Isaacson đã làm nên kỳ tích là vừa giữ được tượng đài Einstein, vừa mang lại cho ông hơi thở sống động, giúp ta cảm thấy như thể ông đang bước đi giữa chúng ta. Đúng là một tác phẩm tuyệt vời\" (Doris Kearns Goodwin, tác giả cuốn Team of Rivals [Đội của các đối thủ], No Ordinary Time [Không có thời gian thông thường], và là tác giả đoạt giải Pulitzer về lịch sử.)\r\n\r\n\"Isaacson đã làm được một việc xuất sắc là truyền tải được cả phần con người lẫn các chi tiết thú vị trong cuộc đời khoa học của Einstein. Đây không chỉ là một cuốn tiểu sử hấp dẫn, mà mỗi trang luôn mời chào ta đọc trang tiếp theo, mà còn là một tác phẩm tiêu biểu hàng đầu trong thể loại phi hư cấu.&quot; (Lawrence M. Krauss, Giáo sư vật lý theo chương trình Ambrose Swasey tại Đại học Case Western Reserve và là tác giả của cuốn Hiding in the Mirror [Trốn trong gương]) Isaacson đã viết một cuốn tiểu sử chính xác, hấp dẫn và thú vị, trình bày thật khéo các văn liệu lịch sử và đưa đến nhiều hiểu biết mới mẻ về cuộc đời cũng như sự nghiệp của Einstein (Diana Kormos Buchwald, chủ biên cuốn Tuyển tập các bài nghiên cứu của Albert Einstein và là Giáo sư lịch sử tại Caltech)', 7, 1),
(42, 'Hồi Ký Tiến Sĩ Lê Thẩm Dương', 'Lê Thẩm Dương', 10, 'img/hoi-ky-tien-si-le-tham-duong.jpg', 110000, 'Tiến sĩ Lê Thẩm Dương – Người truyền cảm hứng có sự tương tác rất cao với bạn đọc: Tên cuốn sách, tên các phần của cuốn sách, hình thức của cuốn sách được lựa chọn sau khi đã tham khảo ý kiến của bạn đọc trên mạng xã hội.\r\n\r\nTS Lê Thẩm Dương giảng dạy tại Học viện Ngân hàng Hà Nội từ năm 1982, sau đó chuyển vào Đại học Ngân hàng TP.HCM. Hiện ông đang là Trưởng khoa Tài chính, trường ĐH Ngân hàng TP.HCM. Ông cũng là giảng viên chính chương trình cấp chứng chỉ hành nghề của Uỷ ban Chứng khoán Nhà nước, giảng viên thỉnh giảng của nhiều tập đoàn, trường Đại học, chương trình đào tạo. Ông là khách mời thường xuyên của nhiều diễn đàn cấp quốc gia và khu vực, nhiều chương trình truyền hình uy tín… TS Lê Thẩm Dương nổi tiếng trên mạng với những bài giảng “gây bão”.\r\n\r\n', 7, 1),
(43, 'Bí Ẩn Mãi Mãi Là Bí Ẩn (Trọn Bộ 6 Tập)', 'Nhiều Tác Giả', 10, 'img/bi-an-mai-mai-la-bi-an.jpg', 236000, 'giới thiệu cùng các bạn những điều bí ẩn đã và đang tồn tại xung quanh cuộc sống của chúng ta; những điều mà khoa học còn chưa có lời giải thích.', 8, 1),
(44, 'Những Bí Ẩn Trên Thế Giới Chưa Được Giải Đáp', 'Nguyễn Văn Huân', 10, 'img/nhung-bi-an-tren-the-gioi-chua-duoc-giai-dap.jpg', 73000, 'Vũ trụ bao la đầy huyền bí luôn kích thích trí tưởng tượng vô cùng vô tận của con người. Hàng nghìn năm nay, con người vẫn miệt mài đi tìm câu trả lời cho những nghi vấn về vũ trụ. Nhưng đến nay, vũ trụ vẫn giấu kín trong mình vô số những bí mật, những câu đố thách thức nền khoa học nhân loại. Trái Đất vốn là cái nôi để sinh tồn, là căn nhà bao bọc che chở cho nhân loại, bất kỳ bụi cây, ngọn cỏ, dòng sông, ngọn núi nào trên Trái Đất đều gắn liền với cuộc sống của chúng ta. Thế nhưng, đúng như những gì con người vẫn thường cảm nhận thấy, bà mẹ Địa Cầu quả thực không hề đơn giản, không phải lúc nào cũng hiền hòa, dịu dàng. Nhiều hiện tượng kỳ lạ trên đó vượt xa mọi trí tưởng tượng của con người vượt xa tầm với của khoa học kỹ thuật. Trong đó, rất nhiều vấn đề về địa lý bí ẩn tới mức nhiều nhà khoa học bỏ cả cuộc đời để tìm hiểu, nhưng cuối cùng cũng chưa thể tìm ra lời giải đáp. Như thế giới dưới lòng đáy biển, hồ không đóng băng ở Nam Cực v.v... Những hiện tượng kỳ lạ và những kỳ quan của thế giới tự nhiên này sẽ dần sáng tỏ trong cuốn sách Những Bí Ẩn Trên Thế Giới Chưa Được Giải Đáp… Với Những Bí Ẩn Trên Thế Giới Chưa Được Giải Đáp sẽ đem lại cho độc giả một lượng kiến thức bổ ích và vô cung phong phú về Vũ trụ, Trái đất và Con người. Nào chúng ta cùng khám phá thế giới của vũ trụ, hành tinh Trái đất và con người với rất nhiều điều bất ngờ, thú vị đang chờ đón!', 8, 1),
(45, 'Bí Mật Thần Kỳ Mang Tên Trung Quốc', 'Vương Tương Huệ', 10, 'img/bi-mat-than-ky-mang-ten-trung-quoc.jpg', 120000, 'Nội dung cuốn sách mô tả câu chuyện về 1,3 tỷ người Trung Quốc dưới sự lãnh đạo của Đảng Cộng sản Trung Quốc theo đuổi hiện đại hóa và không ngừng phấn đấu. Được chia làm 3 phần:\r\n\r\nPhần 1: Kỳ tích Trung Quốc là gì?;\r\n\r\nPhần 2: Kỳ tích Trung Quốc được thực hiện như thế nào?;\r\n\r\nPhần 3: Bí mật thần kỳ mang tên Trung Quốc.', 8, 1),
(46, '109 Hiện Tượng Bí Ẩn Trên Thế Giới', 'Nhiều Tác Giả', 10, 'img/109-hien-tuong-bi-an-tren-the-gioi.jpg', 660000, 'Vũ trụ bao la đầy huyền bí luôn kích thích trí tưởng tượng vô cùng vô tận của con người. Nhưng đến nay, vũ trụ vẫn giấu kín trong mình vô số những bí mật, những câu đố thách thức nền khoa học nhân loại. Dù một phần nào đó những nghi vấn đã được giải đáp, nhưng Trái Đất của chúng ta vẫn còn rất nhiều điều bí ẩn mà các nhà khoa học vẫn chưa thể lý giải được.\r\n\r\nCuốn sách “109 hiện tượng bí ẩn trên thế giới” được nhiều tác giả biên soạn, với mong muốn mang đến cho độc giả những thông tin về sự vật, hiện tượng “lạ” đầy bí ẩn mà cho đến nay nhân loại vẫn chưa tìm được lời giải đáp. Hy vọng cuốn sách sẽ đưa bạn đọc đi từ bất ngờ này đến bất ngờ khác với những địa danh kỳ bí, những sinh vật lạ lùng, và những hiện tượng siêu nhiên vô cùng huyền bí.', 8, 1),
(47, 'Định Lý Cuối Cùng Của Fermat', 'Lê Quang Ánh', 10, 'img/dinh-ly-cuoi-cung-cua-fermat.jpg', 62000, 'Trong lịch sử phát triển của toán học có lẽ không có định lý nào nổi tiếng như Định lý cuối cùng của Fermat. Nó nổi tiếng vì dạng của nó quá đơn giản. Nó nổi tiếng vì từ khi được Fermat phát biểu (1637) cho tới khi nó được chứng minh (1995) phải mất 358 năm, thời gian dài nhất để một định lý được chứng minh mặc dù có bao nhiêu bộ óc thông minh nhất, kiên trì nhất đã thử qua và đành chịu thua.\r\n\r\nMãi cho đến khi người ta rất tình cờ tìm thấy chiếc chìa khóa của nó nằm tại Nhật Bản, nơi hai samurai trẻ thời hậu chiến đã đưa ra một giả thuyết không liên can gì đến bài toán, nhưng lại là để giải bài toán hóc búa kia. Và khi đưa ra xong, một trong hai tác giả đã tự sát, một điều không ai hiểu nổi. TS Lê Quang Ánh tái hiện lại câu chuyện hết sức ly kỳ này trong Định lý cuối cùng của Fermat-một mật mã huyền bí và định mệnh bằng những nghiên cứu riêng công phu và sâu sắc của mình.\r\n\r\nHấp dẫn, lôi cuốn và đầy kịch tính ngay từ những trang đầu tiên, cuốn sách sẽ mang đến cho độc giả những khám phá thú vị và bổ ích về bài toán Fermat đầy huyền bí này.', 8, 1),
(48, 'Bí Ẩn Về Vũ Trụ', 'Song Linh', 10, 'img/bi-an-ve-vu-tru.jpg', 62000, 'người đọc sẽ có dịp du hành trong vũ trụ, khám phá thế giới từ vĩ mô của những thiên hà to lớn đến thế giới vi mô của những con vi khuẩn nhỏ bé trên Trái đất, đi từ những nền văn minh xa xưa đến tương lai của thế giới, cho ta thấy mối gắn bó hữu cơ của từng sự việc nhỏ nhặt với vũ trụ bao la và nghe những giọng điệu nhiều bè của Vũ trụ. Vũ trụ đã chỉ là vũ trụ vô tri, hỗn độn, mà còn là một thế giới có trật tự, có tri giác, đầy nhân văn và xúc cảm.', 8, 1),
(49, 'Ba Người Lính Ngự Lâm', 'Alexandre Dumas', 10, 'img/ba-nguoi-linh-ngu-lam.jpg', 163000, 'Tình cờ gặp gỡ ở Paris, chàng quý tộc tỉnh lẻ d’Artagnan kết thân cùng ba người lính ngự lâm Athos, Aramis, Porthos. Từ bốn con người với những tính cách hoàn toàn khác biệt - nhà quý tộc Athos mẫu mực từ trong ra ngoài, ông hộ pháp Porthos huênh hoang nhưng tốt bụng, ngài “tu viện trưởng” Aramis duyên dáng như con gái nhưng sâu sắc chẳng kém ai, chàng trẻ tuổi d’Artagnan khôn ngoan và liều lĩnh -  họ kết thành một khối thống nhất nhờ tình bạn keo sơn “Một người vì mọi người, mọi người vì một người.”\r\n\r\nGiữa cảnh tao loạn của nước Pháp thế kỉ XVI, trong thế giới của những ông hoàng bà chúa đầy những âm mưu, thủ đoạn, bốn người bạn cùng nhau bước vào những cuộc phiêu lưu đầy chất anh hùng, nghĩa hiệp nhưng cũng đầy chất lãng mạn của tình yêu.\r\n\r\nMời bạn đọc cùng theo bước họ để thấy sống dậy một thời kì lịch sử được soi qua lăng kính kì diệu của trí tưởng tượng mà thêm phần li kì hồi hộp, lại dạt dào cái sôi nổi, hào hứng của tuổi trẻ.\r\n                                                    ', 9, 1),
(50, 'Harry Potter (Bộ 8 Cuốn)', 'J.K.Rowling', 10, 'img/harry-potter.jpg', 1421000, 'Bộ truyện bảy tập Harry Potter là tác phẩm đáng tự hào nhất, nổi tiếng nhất đồng thời cũng là tác phẩm mang lại danh tiếng cho sự nghiệp văn chương của nữ tác giả người Anh J. K. Rowling.\r\n\r\nNội dung câu chuyện giả tưởng từng gây sốt trên nhiều thị trường sách này kể về cuộc chiến của cậu bé Harry Potter một mình chống lại một phù thủy hắc ám Chúa tể Voldemort, người đã giết cha mẹ cậu để thực hiện tham vọng làm chủ thế giới phù thủy. Harry Potter đã chắp cánh cho trí tưởng tượng của trẻ em trên toàn thế giới bay cao bay xa trong thế giới pháp thuật huyền hoặc. Truyện bắt đầu với một nhân vật bình thường, thậm chí là có phần tầm thường và nó diễn ra ngay bên cạnh chúng ta, bắt đầu từ sân ga 9¾ ở nhà ga Ngã tư Vua. Lần lượt bảy tập truyện sẽ đưa độc giả đi khám phá con đường trở thành pháp sư đầy chông gai, thử thách của Harry cùng với các bạn của mình tại ngôi trường phù thủy Hogwarts.', 9, 1),
(51, 'Những Cuộc Phiêu Lưu Của Huckleberry Finn', 'Mark Twain', 10, 'img/nhung-cuoc-phieu-luu-cua-huckleberry-finn.jpg', 100000, 'Câu chuyện kể về những cuộc phiêu lưu của Huckleberry Finn trên dòng sông Mississippi với người bạn là Jim, một nô lệ đang chạy thoát. Quyển sách miêu tả những cảnh vật trên dòng sông và châm biếm những quan điểm ở miền Nam Hoa Kỳ thời tiền chiến, đặc biệt là quan điểm kỳ thị chủng tộc. Hình ảnh Huck và Jim trên chiếc bè chạy theo dòng sông, đi đến tự do, là một trong những hình ảnh bất hủ nhất trong văn học Hoa Kỳ.', 9, 1),
(52, 'Robinson Crusoe', 'Daniel Defoe', 10, 'img/robinson-crusoe.jpg\r\n', 133000, 'Bỗng chốc bị tách khỏi thế giới văn minh, đứt đoạn khát khao phiêu lưu bốn bể, chàng thanh niên Robinson, nạn nhân của một vụ đắm tàu, đã đặt chân lên một hoang đảo, và sống một cuộc đời phi thường. Bằng nghị lực, lòng dũng cảm và trí tuệ, anh đương đầu cùng thổ dân ăn thịt người, chiến đấu với hàng đàn thú dữ, chinh phục tự nhiên để tạo dựng nên “nền văn minh Robinson” tự cung tự cấp: đóng bàn, làm ghế, trồng lúa, may áo, làm gốm, chăn dê… Robinson luôn sống lạc quan với niềm vui thú sáng tạo và trải nghiệm vì với anh mỗi ngày trôi qua đều là một cuộc phiêu lưu mới. Chinh phục bạn đọc với tinh thần ấy, đã có thời, Robinson Crusoe xếp thứ hai trong các tác phẩm được dịch ra nhiều ngôn ngữ nhất trên thế giới, chỉ sau Kinh Thánh.\r\n\r\nTrong lần xuất bản này, để trọn vẹn hơn các cuộc phiêu lưu hấp dẫn của Robinson, bên cạnh phần I “Trôi dạt nơi hoang đảo” đã quen thuộc, Đông A còn giới thiệu phần II “Kể lại chuyện kỳ thú trong các chuyến du hành qua ba phần địa cầu” chưa từng được dịch và xuất bản tại Việt Nam. Mong rằng, “bảy mươi hai năm phiêu lưu, nếm trải cuộc sống muôn màu” của Robinson sẽ một lần nữa thôi thúc niềm khát khao dấn bước của bạn đọc trên những nẻo đường của riêng mình.', 9, 1),
(53, 'Gulliver Du Ký', 'Jonathan Swift', 10, 'img/gulliver-du-ky.jpg', 64000, '\"Gulliver Du Ký\" là cuốn sách được cả thế giới đọc trong mấy thế kỷ qua và đã được dịch ra hầu hết các thứ tiếng. Đặc biệt, bạn đọc nhỏ tuổi rất yêu thích những câu chuyện phiêu lưu tưởng tượng kỳ thú, đưa các em đến thế giới của những người tí hon, bé chỉ bằng ngón chân cái, nhưng có cuộc sống chẳng khác gì những người bình thường, rồi lại được đến đất nước của những người khổng lồ, một thế giới kỳ diệu nơi những con người đầy lòng nhân ái, ngay thẳng. Ở đó, con khỉ to bằng con voi và có lần Gulliver phải rút kiếm ra chiến đấu với hai con chuột định xông vào ăn thịt mình. Đây là cuốn sách của mọi lứa tuổi. Trẻ em tìm thấy ở đó những câu chuyện kỳ lạ, có người tốt, kẻ xấu. Người lớn thì rút ra được những bài học về cách xử thế ở đời. Những nhà tư tưởng thì tìm thấy những lời phê phán chua chát cái xã hội nhỏ nhen là nước Anh đã đương thời, đúng như tầm vóc tí hon của người nước Lilliput và ca ngợi tâm hồn trong sáng, cao đẹp của những người khổng lồ xứ Brobdingnag.\r\n\r\n\"Gulliver Du Ký\" của Jonathan Swift (1667-1745), được in lần đầu năm 1726 và nhanh chóng được cả thế giới biết đến. Cuốn sách ra đời đã gần ba thế kỷ nhưng đến nay vẫn được nhiều thế hệ độc giả yêu thích và tìm đọc. \"Gulliver Du Ký\" là cuốn sách chiến đấu. Nó chống lại những những kẻ thống trị là giai cấp phong kiến và tư sản xấu xa, tàn ác, phản kháng chế độ xã hội bất công, ca ngợi lòng khoan dung, độ lượng và chủ nghĩa nhân đạo. Nhưng tất cả những ước mơ của tác giả chỉ là những tưởng tượng trong thế giới ảo nên ông dễ đi đến bi quan, chán nản.\r\n\r\n\"Gulliver Du Ký\" là một tác phẩm châm biếm. Tác giả dùng tiếng cười, nhiều khi chua chát, để phê phán thói hư tật xấu của triều đình Lilliput. Nhiều lúc tưởng như ông bênh vực, ca ngợi nước Anh: \"Tổ quốc vinh quang\", \"niềm tự hào của vũ trụ\"... nhưng sự thật đó là những lời mỉa mai, chỉ trích sâu sắc. Cũng có khi, tưởng như ông chê bai người nước Brobdingnag \"dốt nát\", \"thiển cận\", nhưng sự thật lại là những lời ca ngợi lòng nhân ái, trung thực của những người khổng lồ.', 9, 1),
(54, 'Bá Tước Monte Cristo', 'Alexandre Dumas', 10, 'img/ba-tuoc-monte-cristo.jpg\r\n', 169000, 'Bá tước Monte Cristo là cuốn tiểu thuyết kinh điển nổi tiếng nhất của nhà văn người Pháp - Alexandre Dumas, viết về tình yêu và hận thù tuy là hai thái cực tưởng như trái ngược nhưng lại liên tục giao nhau tạo nên dấu ấn đặc biệt trong đời sống xã hội Pháp thế kỷ XIX. Lấy bối cảnh nước Pháp thời Napoleon, tác phẩm là câu chuyện kể về nỗi oan ức của chàng Dantes khi bị những kẻ ganh ghét, đố kỵ hãm hại, về tình yêu của chàng với Mercedes và cuộc hành trình trở về đầy hận thù, căm ghét nhưng nở rộ sự yêu thương và lòng bao dung.\r\nTác phẩm là minh chứng cho sức mạnh của tình yêu sẽ giúp xoa dịu lửa căm thù, lòng trắc ẩn sẽ khiến kẻ khôn ngoan trở nên từ bi, rung động trước sự trong sáng, chân thành của tình bạn, tình yêu thương đối với con cái của kẻ thù. Tác phẩm còn vẽ lên bức họa sinh động về một nước Pháp lãng mạn, hùng vĩ và đầy biến động trong những cuộc phiêu lưu của Dantes, về những người thủy thủ trẻ với ước mơ, hoài bão của mình. Mang thông điệp: “Sống là phải biết HI VỌNG và CHỜ ĐỢI”, “Bá tước Monte Cristo” thực sự là một tác phẩm đáng để bạn đọc trên thế giới yêu\r\nthích trong suốt hai thế kỷ qua.', 9, 1),
(55, 'Thiên Nga Đen', 'Nassim Nicholas Taleb', 10, 'img/thien-nga-den.jpg', 269000, 'Trước khi khám phá ra thiên nga đen tồn tại trên đời (ở Úc), người ta vẫn tin rằng tất cả chim thiên nga trên đời đều có màu trắng. Phát hiện bất ngờ này đã thay đổi toàn bộ thế giới quan của nhân loại (về thiên nga).\r\nChúng ta không biết rất nhiều thứ nhưng lại hành động như thể mình có khả năng dự đoán được mọi điều. Và trong cuốn sách này, tác giả Nassim Nicholas Taleb đã đi sâu vào khai thác những sai lầm của tư tưởng cố hữu ấy. Theo ông, “thiên nga đen” là một biến cố tưởng chừng như không thể xảy ra với ba đặc điểm chính: không thể dự đoán, có tác động nặng nề và sau khi nó xảy ra, người ta lại dựng lên một lời giải thích để khiến nó trở nên ít ngẫu nhiên hơn, dễ dự đoán hơn so với bản chất thật của nó. Thành công đáng kinh ngạc của Facebook có thể được coi là một “thiên nga đen”, việc nước Anh rời khỏi Liên minh châu u cũng là một “thiên nga đen”. Thiên nga đen luôn ẩn hiện trong mọi mặt của cuộc sống với những tác động khó lường, theo cả hướng tiêu cực và tích cực.\r\nTinh tế, táo bạo nhưng không kém phần thú vị, Thiên Nga Đen chắc chắn là cuốn sách không thể bỏ qua cho những ai đam mê hiểu biết. Và cuốn sách này, bản thân nó cũng chính là một thiên nga đen…', 10, 1),
(56, 'Mù Lòa', 'José Saramago', 10, 'img/mu-loa.jpg', 115000, 'Một người đàn ông 35 tuổi đang lái xe ô tô bỗng dưng hóa mù. Một người qua đường đưa ông ta về nhà cũng hóa mù theo. Người bác sĩ nhãn khoa khám cho người đàn ông bị mù đầu tiên cùng những người bệnh trong phòng chờ hôm ấy đều bỗng dưng chẳng nhìn thấy gì nữa ngoài một sắc trắng như \"bơi giữa biển sữa\". Bệnh mù trắng như căn bệnh lây lan khắp nơi, khiến tâm lý người dân hoảng loạn.\r\n\r\nNhững người phát bệnh đầu tiên cùng những người có khả năng phát bệnh bị chính phủ tập trung lại một chỗ và giam trong một nhà thương điên, để ngăn chặn sự bùng phát của dịch bệnh này. Họ bị cách ly hoàn toàn, bị những người có vũ trang canh gác, phòng khi họ chạy trốn. Và những ai có ý định hoặc bị ngờ là có ý định trốn đi đều bị bắn chết không thương tiếc.\r\n\r\nNhững con người văn minh là vậy khi bị nhốt vào đây bị đối xử vô cùng tồi tệ, và mọi cách hành xử văn minh của họ dần dần cũng mất đi theo. Họ đành tự tổ chức cuộc sống trong một cộng đồng mới không khác mấy so với xã hội loài người theo chủ nghĩa không tưởng vạch ra. Người sáng mắt duy nhất giúp đỡ họ là vợ của ông bác sĩ nhãn khoa, người đã nói dối là mình bị mù để \"được\" nhốt vào đây với chồng. Thế rồi, ngoài việc bị giam giữ, thiếu thốn đủ đường, đối mặt với tình trạng mất vệ sinh, thiếu đồ ăn, họ còn bị những kẻ mù côn đồ có vũ khí khác ức hiếp. Để tồn tại họ phải hy sinh mọi phẩm giá để nương tựa nhau mà sống, và có lúc không chịu nổi đè nén đã vùng lên để giành lấy công lý.\r\n\r\nCăn bệnh mù tiếp tục lan ra ngoài những bức tường (của nhà thương điên). Trong khi chạy thoát khỏi một vụ cháy ở trong \"nhà giam\", những người mù phát hiện ra các binh lính canh gác họ đều hóa mù hết nên giờ đây không ai cản họ trở lại với cuộc sống bên ngoài nữa. Các nhân vật trung tâm gồm vợ chồng bác sỹ nhãn khoa và 3 nam 2 nữ khác cùng tạo thành một nhóm để ‘trở về\". Nhưng cả xã hội lúc ấy đã đảo lộn. Đây quả là một cơn ác mộng thực sự: một xã hội thành thị bậc cao nhanh chóng trở lại trạng thái xã hội man rợ khi toàn bộ cơ sở hạ tầng của cộng đồng sụp đổ và sự ủng hộ lẫn nhau cũng như nghĩa vụ giữa mọi người bị phá vỡ. Xác chết ngập đường, lương thực thiếu thốn, người nọ vào chiếm cứ nhà người kia, à một lần nữa, bà vợ ông bác sỹ lại lèo lái giúp nhóm người của mình vượt qua cơn khủng hoảng này.\r\n\r\nVới lối viết tỉ mỉ, châm biếm, José Saramago đã cuốn hút người đọc vào từng trang sách, cười khóc với các nhân vật trong truyện, và hơn hết là một sự suy ngẫm về con người chúng ta, như lời bà vợ ông bác sĩ: \"Em không nghĩ chúng ta đã hóa mù, em nghĩ chúng ta mù, Mù nhưng thấy, Những người mù có thể nhìn, nhưng không thấy\".', 10, 1),
(57, 'Đồi Gió Hú', 'Emily Bronte', 10, 'img/doi-gio-hu.jpg', 100000, 'Cuốn tiểu thuyết dữ dội và bí ẩn về Catherine Earnshaw, cô con gái nổi loạn của gia đình Earnshaw, với gã đàn ông thô ráp và điên rồ mà cha cô mang về nhà rồi đặt tên là Heathcliff, được trình diễn trên cái nền những đồng truông, quả đồi nước Anh cô quạnh và ban sơ không kém gì chính tình yêu của họ. Từ nhỏ đến lớn, sự gắn bó của họ ngày càng trở nên ám ảnh. Gia đình, địa vị xã hội, và cả số phận rắp tâm chống lại họ, bản tính dữ dội và ghen tuông tột độ cũng hủy diệt họ, vậy nên toàn bộ thời gian hai con người yêu nhau đó sống trong thù hận và tuyệt vọng, mà cái chết chỉ có ý nghĩa khởi đầu. Một khởi đầu mới để hai linh hồn mãnh liệt đó được tự do tái ngộ, khi những cơn gió hoang vắng và điên cuồng tràn về quanh các lâu đài trong Đồi Gó Hú.\r\nCuốn tiểu thuyết duy nhất của Emily Bronte là cuốn sách đã tới tay công chúng với nhiều lời bình trái ngược vào năm 1847. Thông qua mối tình giữa Cathy và Heathcliff, với bối cảnh đồng quê Yorkshire hoang vu trống trải, Đồi Gió Hú đã tạo nên cả một thế giới riêng với xu hướng bỏ qua lề thói, vươn tới thi ca cũng như tới những chiều sâu tăm tối của lòng người, giúp tác phẩm trở thành một trong những tiểu thuyết vĩ đại nhất, bi thương nhất mà con người từng viết ra về nỗi đam mê cháy bỏng. Xuất hiện trên văn đàn thế giới và khẳng định dấu ấn như một hiện tượng độc đáo của văn học cổ điển.\r\nNhà văn W. SOMERSET MAUGHAM đã chọn \"Đồi Gió Hú\" là một trong mười cuốn tiểu thuyết ông cho là hay nhất thế giới. Ông viết: \"Đồi Gió Hú\" không phải là một cuốn sách để chúng ta đàm luận, nó là một cuốn sách để chúng ta đọ Nó chứa đựng một thứ mà rất ít tiểu thuyết gia có thể cho chúng ta, ấy là năng lực. Tôi chưa thấy một cuốn tiểu thuyết nào mà nỗi buồn rầu thống khổ, niềm vui sướng điên cuồng, tính độc ác vô tình, sự ám ảnh của ái tình được diễn tả một cách kỳ diệu như trong \"Đồi Gió Hú\".\r\nEmily Jane Emily Brontë (1818 - 1848) – Là tiểu thuyết gia và là nhà thơ người Anh. Trong ba chị em nhà Brontë sống sót cho đến khi trưởng thành, Emily là người thứ hai, cô cả là Charlotte và em út là Anne.', 10, 1),
(58, 'Những Người Khốn Khổ', 'Victor Hugo', 10, 'img/nhung-nguoi-khon-kho.jpg', 395000, '\"Khi pháp luật và phong hóa còn đày đọa con người, còn dựng nên những địa ngục giữa xã hội văn minh và đem một thứ định mệnh nhân tạo chồng thêm lên thiên mệnh; khi ba vấn đề lớn của thời đại là sự sa đọa của đàn ông vì bán sức lao động, sự trụy lạc của đàn bà vì đói khát, sự cằn cỗi của trẻ nhỏ vì tối tăm, chưa được giải quyết; khi ở một số nơi đời sống còn ngạt thở; nói khác đi, và trên quan điểm rộng hơn, khi trên mặt đất, dốt nát và đói khổ còn tồn tại, thì những cuốn sách như loại này còn có thể có ích.”\r\n\r\n(Hauteville House, ngày 1-1-1862- Victor Hugo)', 10, 1),
(59, 'Tâm Lý Học', 'Trần Nhựt Tân', 10, 'img/tam-ly-hoc.jpg', 86000, 'Trí thông minh xã hội là việc hòa nhập, thu hút mọi người và khiến sự giao tiếp xã hội đem lại lợi ích cho bạn, thay vì cản trở bạn đạt được những mục tiêu của mình. Nói cách khác, sở hữu trí thông minh xã hội sẽ giúp bạn được yêu mến hơn, tăng cường vị thế của bạn trong cộng đồng và tạo điều kiện thuận lợi để bạn vươn tới nhiều thành công trong cuộc sống.\r\n\r\nCuốn sách này cung cấp các chiến thuật đã được khoa học chứng minh để mỗi cá nhân tăng cường trí thông minh xã hội của mình. Hầu hết các phương pháp có trong sách sẽ liên quan ít nhiều tới những cách thức thời nguyên thủy - những phương pháp đầy bản năng mà con người đã tận dụng để thống trị thế giới.', 10, 1),
(60, 'Mùi Hương', 'Patrick Suskind', 10, 'img/mui-huong.jpg', 80000, 'Mùi hương là một cuốn tiểu thuyết ly kỳ về một tên tội phạm đặc biệt.\r\n\r\nNhân vật chính của tác phẩm là Jean-Baptise Grenouille, một số phận khác người từ khi mới sinh. Mẹ hắn đã cố tình để mặc hắn chết sặc trông đống ruột cá với mùi máu tanh tưởi. Thế rồi bà ta bị kết án tử hình, còn hắn thì vẫn lớn lên.\r\n\r\nHắn có hình dong kỳ dị, và tâm hồn cũng bệnh hoạn. Mọi người ghẻ lạnh, khinh miệt hắn. Hắn đã từng phải sống trong cô độc và đói rét. Nhưng một biệt tài đã giúp cho hắn tìm một con đường sống. Hắn có khả năng khứu giác đặc biệt. Hắn có thể nhận biết, phân biệt và hơn thế, ghi nhớ các mùi hương. Nhờ vào đó, hắn trở thành một thiên tài trong giới sản xuất nước hoa Pháp.\r\n\r\nVới một đầu óc dị hợm, hắn mơ ước sẽ tạo ra được một hương thơm độc đáo cho riêng mình, một loại nước hoa gợi tình vô song. Và để thoả mãn dục vọng đó, hắn đã săn đuổi mùi hương từ hai mươi lăm trinh nữ…', 10, 1),
(61, 'Việt Nam Sử Lược', 'Trần Trọng Kim', 10, 'img/viet-nam-su-luoc.jpg', 409000, 'Trần Trọng Kim (1883 - 1953) là một học giả danh tiếng đầu thế kỷ XX, cùng thời với những tên tuổi lớn như Phạm Quỳnh, Nguyễn Văn Vĩnh… Với bút hiệu Lệ Thần, ông đã có nhiều thành tựu trong lĩnh vực khảo cứu, biên soạn, dịch thuật, để lại cho đời nhiều tác phẩm có giá trị về lịch sử, văn hóa như Việt Nam sử lược, Việt Nam văn phạm, Nho giá\r\nViệt Nam sử lược là cuốn sách lịch sử Việt Nam đầu tiên viết bằng chữ quốc ngữ, hệ thống lại toàn bộ lịch sử nước Việt (cho đến thời kỳ Pháp thuộc).\r\n\r\nBộ Việt Nam sử lược này, soạn giả chia ra làm 5 thời đại:\r\n\r\nThời đại thứ nhất là Thượng cổ thời đại, kể từ họ Hồng Bàng cho đến hết đời nhà Triệu.\r\nThời đại thứ nhì là Bắc thuộc thời đại, kể từ khi vua Vũ Đế nhà Hán lấy đất Nam Việt của nhà Triệu, cho đến đời Ngũ Quý,\r\nThời đại thứ ba là Thời đại tự chủ, kể từ nhà Ngô, nhà Đinh cho đến Sơ diệp nhà Hậu Lê.\r\nThời đại thứ tư là Nam Bắc phân tranh, kể từ khi nhà Mạc làm sự thoán đoạt cho đến nhà Tây Sơn.\r\nThời đại thứ năm là Cận kim thời đại, kể từ vua Thế Tổ bản triều cho đến cuộc Bảo hộ bây giờ.\r\nĐộc giả cũng nên biết cho rằng bộ sử này là bộ Sử lược chỉ cốt ghi chép lại những chuyện trọng yếu để hãy tạm giúp cho những người hiếu học có sẵn quyển sách mà xem cho tiện. Còn như làm ra việc bộ sử thật sự thích đáng kê cứu và phê bình rất tường tận, thì hãy xin để dành cho những bậc tài danh sau này sẽ ra công mà giúp cho nước ta về việc học sử.', 11, 1),
(62, 'Tam Quốc Diễn Nghĩa (Trọn Bộ 2 Tập)', 'La Quán Trung', 10, 'img/tam-quoc-dien-nghia.jpg', 217000, '\"Tam Quốc Diễn Nghĩa\", bộ tiểu thuyết lịch sử chương hồi đầu tiên của văn học Trung Quốc, do tác giả la Quán Trung đời Minh sáng tác.\r\n\r\nVới bối cảnh lịch sử trong gần 100 năm kể từ cuộc khởi nghĩa Khăn Vàng cuối đời Đông Hán cho tới khi nhà Tây Tấn thống nhất Trung Hoa, bộ tiểu thuyết này thuật lại câu truyện hưng suy của ba nhà Ngụy, Thục, Ngô.\r\n\r\nBộ sáng tác tái hiện lịch sử của một thời kỳ chiến loạn, quốc gia phân tranh, xã hội biến động, người dân loạn lạc, phản ánh tính chất tàn khốc của một thời kỳ trong lịch sử Trung Hoa, thường được biết đến dưới tên gọi \" thời Tam Quốc\".\r\n\r\nTác giả La Quán Trung, với bút pháp ảo diệu, đã xây dựng nên các hình tượng nhân vật điển hình, sống mãi với thời gian.\r\n\r\n\"Tam Quốc Diễn Nghĩa\" có lối suy nghĩ độc đáo, cấu tứ hùng vĩ, bút pháp và ngôn ngữ kỳ tuyệt, có ảnh hưởng sâu rộng đến văn học Trung Quốc suốt mấy trăm năm qua.', 11, 1),
(63, 'Lược Sử Thế Giới', 'E.H.Gombrich', 10, 'img/luoc-su-the-gioi.jpg', 263000, 'Từ khi được viết ra bằng tiếng Đức năm 1935, Lược sử thế giới đã trở thành cuốn sách lịch sử bán chạy ở ba mươi ngôn ngữ. Năm 2005, cuốn sách được xuất bản bằng tiếng Anh với phần minh họa bổ sung, và phiên bản này bán được hơn nửa triệu bản trên toàn thế giới.\r\n\r\nNhư một bài thơ về lịch sử thế giới, E. H. Gombrich lịch lãm dẫn người đọc đi từ thời kỳ Đồ đá đến thời kỳ của năng lượng nguyên tử, với những biến cố lịch sử phức tạp nhất, các trào lưu tư tưởng khó hiểu nhất, những nhân vật lịch sử đa chiều nhất, các thành tựu lớn lao nhất của trí tuệ con người… tất cả đều được tác giả mô tả và diễn giải dễ hiểu đến bất ngờ.\r\n\r\nVới cuốn sách này trong tay, bạn sẽ thấy niềm vui to lớn trong việc tìm hiểu lịch sử, cùng vô số khoảnh khắc quên hết tất cả để say mê đắm mình trong quá vãng của dòng chảy lịch sử.\r\n\r\n“Một câu chuyện hấp dẫn, được tổ chức tuyệt vời và được kể với một năng lượng và sự tự tin vô cùng cuốn hút, tràn ngập tình nhân văn và tinh thần hào sảng mà hàng ngàn người ngưỡng mộ Gombrich đã yêu mến trong suốt cuộc đời dài và đầy sáng tạo của ông. Cuốn sách thực sự là một điều bất ngờ đầy thú vị, không thể nào cưỡng lại!”\r\n\r\n- Philip Pullman', 11, 1),
(64, 'Đại Việt Sử Ký Toàn Thư', 'Nhiều Tác Giả', 10, 'img/dai-viet-su-ky-toan-thu.jpg', 152000, 'Đại Việt Sử Ký Toàn Thư là bộ quốc sử danh tiếng, một di sản quý báu của dân tộc Việt Nam nghìn năm văn hiến. Đó là bộ sử cái, có giá trị nhiều mặt, gắn liền với tên tuổi các nhà sử học nổi tiếng như Lê Văn Hưu, Phan Phu Tiên, Ngô Sĩ Liên, Phạm Công Trứ, Lê Hy…\r\n\r\nViệc phát hiện bản in xưa nhất của bộ Đại Việt Sử Ký Toàn Thư, bản Nội các quan bản, năm Chính Hòa thứ 18, tức năm 1697 có một ý nghĩa đặc biệt. Bộ sách đã được ra mắt bạn đọc vào những năm 90 của thế kỷ trước và từng được tái bản trong những năm gần đây.', 11, 1),
(65, 'Sử Ký Tư Mã Thiên', 'Nhiều Tác Giả', 10, 'img/su-ky-tu-ma-thien.jpg', 234000, 'Sử ký là bộ thông sử đầu tiên của Trung Quốc cổ đại. Bộ sử ký lưu giữ, chỉnh lí lại các tư liệu lịch sử vô cùng phong phú trong hơn ba ngàn năm từ thời Ngũ đế vốn có trước sử cho tới giữa thời Tây Hán.\r\n\r\nẤn bản này với hình thức mới mẻ, toàn diện, góc nhìn mới, đa tầng, giúp bạn đọc hiểu rõ hơn nguyên tác. Cuốn sách còn có phần phụ như giải thích, dịch nghĩa bằng câu từ tinh tế giúp bạn đọc thưởng thức trọn vẹn nội dung tác phẩm.', 11, 1),
(66, 'Đợt Tuyệt Chủng Thứ Sáu', 'Elizabeth Kolbert', 10, 'img/dot-tuyet-chung-thu-sau.jpg', 86000, 'Kể từ hơn nửa tỉ năm trước, năm đợt tuyệt chủng đã diễn ra, khi sự đa dạng sống trên trái đất bất ngờ thu hẹp lại. Và phải chăng chúng ta đang bước vào đợt tuyệt chủng kế tiếp - Đợt Tuyệt Chủng Thứ Sáu - diễn ra trong thế Nhân sinh, một thế địa chất mà con người thống trị trên nhiều khía cạnh.\r\n\r\nĐể trả lời nghi vấn này, Elizabeth Kolbert đã theo chân các nhà khoa học khảo sát sự tồn tại và xác nhận sự biến mất ở một số loài ở khắp các vùng trên trái đất. Từ loài ếch vàng ở Panama đến loài voi răng mấu châu Mỹ; từ lũ chim ăng-ca khờ khạo đến loài cúc đá bé nhỏ.\r\n\r\nBên cạnh đó, tác giả cũng đưa chúng ta đến các thử nghiệm và nghiên cứu để tìm ra nguyên nhân của đợt tuyệt chủng thứ sáu. Trong đó, nổi bất nhất chính là những hành động do con người gây ra với các hệ sinh học và địa hóa học của trái đất như: thải quá nhiều carbon dioxit, làm axit hóa đại dương, chặt rừng nhiệt đớ\r\n\r\nVà câu hỏi lớn ở đây: Con người phải chăng đang vừa là thù phạm vừa là nạn nhân của một đợt tuyệt chủng kế tiếp?', 11, 1);

-- --------------------------------------------------------

--
-- Cấu trúc bảng cho bảng `user`
--

CREATE TABLE `user` (
  `idUser` int(11) NOT NULL,
  `username` varchar(50) NOT NULL,
  `password` varchar(50) NOT NULL,
  `email` varchar(50) NOT NULL,
  `ho` varchar(50) NOT NULL,
  `ten` varchar(50) NOT NULL,
  `phone` varchar(50) NOT NULL,
  `address` varchar(50) NOT NULL,
  `role` int(11) NOT NULL
) ENGINE=InnoDB DEFAULT CHARSET=utf8mb4;

--
-- Đang đổ dữ liệu cho bảng `user`
--

INSERT INTO `user` (`idUser`, `username`, `password`, `email`, `ho`, `ten`, `phone`, `address`, `role`) VALUES
(11, 'admin', '1', 'khoicari69@gmail.com', 'Nguyễn', 'An', '0902188341', 'Da Nang', 1),
(28, 'michu', '1', 'khoicari69@gmail.com', 'Nguyễn', 'Khôi', '0902188341', 'Hải Châu', 0),
(45, 'kang', '1', 'conganh69@gmail.com', 'Nguyễn', 'Công Anh', '0902188341', 'Hải Châu', 0),
(49, 'muchi', '1', 'khoicari@gmail.com', 'Nguyễn', 'Khôi', '0902188341', 'Hải Châu', 0);

--
-- Chỉ mục cho các bảng đã đổ
--

--
-- Chỉ mục cho bảng `bill`
--
ALTER TABLE `bill`
  ADD PRIMARY KEY (`idBill`);

--
-- Chỉ mục cho bảng `cart`
--
ALTER TABLE `cart`
  ADD PRIMARY KEY (`idCart`,`idProduct`) USING BTREE;

--
-- Chỉ mục cho bảng `catalog`
--
ALTER TABLE `catalog`
  ADD PRIMARY KEY (`idCat`);

--
-- Chỉ mục cho bảng `comment`
--
ALTER TABLE `comment`
  ADD PRIMARY KEY (`idComment`),
  ADD KEY `fk_idProduct` (`idProduct`);

--
-- Chỉ mục cho bảng `product`
--
ALTER TABLE `product`
  ADD PRIMARY KEY (`idProduct`),
  ADD KEY `fk_idCat` (`idCat`);

--
-- Chỉ mục cho bảng `user`
--
ALTER TABLE `user`
  ADD PRIMARY KEY (`idUser`);

--
-- AUTO_INCREMENT cho các bảng đã đổ
--

--
-- AUTO_INCREMENT cho bảng `bill`
--
ALTER TABLE `bill`
  MODIFY `idBill` int(11) NOT NULL AUTO_INCREMENT, AUTO_INCREMENT=31;

--
-- AUTO_INCREMENT cho bảng `cart`
--
ALTER TABLE `cart`
  MODIFY `idCart` int(11) NOT NULL AUTO_INCREMENT, AUTO_INCREMENT=31;

--
-- AUTO_INCREMENT cho bảng `catalog`
--
ALTER TABLE `catalog`
  MODIFY `idCat` int(11) NOT NULL AUTO_INCREMENT, AUTO_INCREMENT=12;

--
-- AUTO_INCREMENT cho bảng `comment`
--
ALTER TABLE `comment`
  MODIFY `idComment` int(11) NOT NULL AUTO_INCREMENT, AUTO_INCREMENT=8;

--
-- AUTO_INCREMENT cho bảng `product`
--
ALTER TABLE `product`
  MODIFY `idProduct` int(11) NOT NULL AUTO_INCREMENT, AUTO_INCREMENT=71;

--
-- AUTO_INCREMENT cho bảng `user`
--
ALTER TABLE `user`
  MODIFY `idUser` int(11) NOT NULL AUTO_INCREMENT, AUTO_INCREMENT=50;

--
-- Các ràng buộc cho các bảng đã đổ
--

--
-- Các ràng buộc cho bảng `comment`
--
ALTER TABLE `comment`
  ADD CONSTRAINT `fk_idProduct` FOREIGN KEY (`idProduct`) REFERENCES `product` (`idProduct`);

--
-- Các ràng buộc cho bảng `product`
--
ALTER TABLE `product`
  ADD CONSTRAINT `fk_idCat` FOREIGN KEY (`idCat`) REFERENCES `catalog` (`idCat`);
COMMIT;

/*!40101 SET CHARACTER_SET_CLIENT=@OLD_CHARACTER_SET_CLIENT */;
/*!40101 SET CHARACTER_SET_RESULTS=@OLD_CHARACTER_SET_RESULTS */;
/*!40101 SET COLLATION_CONNECTION=@OLD_COLLATION_CONNECTION */;
